<?xml version="1.0" encoding="UTF-8"?>

<Patient xmlns="http://hl7.org/fhir">
  <id value="PatientExample"/>
  <text>
    <status value="generated"/><div xmlns="http://www.w3.org/1999/xhtml"><p style="border: 1px #661aff solid; background-color: #e6e6ff; padding: 10px;"><b>Holland Michael Smith </b> male, DoB: 2022-07-07</p><hr/><table class="grid"><tr><td style="background-color: #f3f5da" title="Ways to contact the Patient">Contact Detail:</td><td colspan="3">123 Main St Anytown 12345 US </td></tr><tr><td style="background-color: #f3f5da" title="Patient contact">Contact</td><td colspan="3"><ul><li>ph: 555-555-5555(HOME)</li><li><a href="mailto:john.anyperson@example.com">john.anyperson@example.com</a></li></ul></td></tr></table></div>
  </text>
  <name>
    <family value="Smith"/>
    <given value="Holland"/>
    <given value="Michael"/>
  </name>
  <gender value="male"/>
  <birthDate value="2022-07-07"/>
  <address>
    <line value="123 Main St"/>
    <city value="Anytown"/>
    <postalCode value="12345"/>
    <country value="US"/>
  </address>
  <contact>
    <telecom>
      <system value="phone"/>
      <value value="555-555-5555"/>
      <use value="home"/>
    </telecom>
    <telecom>
      <system value="email"/>
      <value value="john.anyperson@example.com"/>
    </telecom>
  </contact>
</Patient>