{
  "codeSystems" : [
    {
      "url" : "http://cdr.com/hiv-regimen-codes",
      "version" : "1.0.0",
      "status" : "active",
      "name" : "DispenseCodesCodeSystem",
      "title" : "ARV Drugs Dispense Codes Code System",
      "description" : "A list of codes describing the ARV Drugs dispense codes"
    },
    {
      "url" : "http://cdr.com/medication-dispense/status-reason",
      "version" : "1.0.0",
      "status" : "active",
      "name" : "FollowUpStatusCodeSystem",
      "title" : "Follow Up Status Code System",
      "description" : "A list of codes describing the follow up statuses"
    },
    {
      "url" : "http://openhie.org/fhir/custom-fhir-ig/CodeSystem/client-key-population-code-system",
      "version" : "1.0.0",
      "status" : "active",
      "name" : "ClientKeyPopulationCodeSystem",
      "title" : "Client Key Population CodeSystem",
      "description" : "Client Key Population custom code system"
    }
  ]
}
