{
  "resourceType" : "Encounter",
  "id" : "EthEncounterExample",
  "meta" : {
    "profile" : ["http://openhie.org/fhir/custom-fhir-ig/StructureDefinition/eth-encounter"]
  },
  "text" : {
    "status" : "extensions",
    "div" : "<div xmlns=\"http://www.w3.org/1999/xhtml\"><p><b>Generated Narrative: Encounter</b><a name=\"EthEncounterExample\"> </a></p><div style=\"display: inline-block; background-color: #d9e0e7; padding: 6px; margin: 4px; border: 1px solid #8da1b4; border-radius: 5px; line-height: 60%\"><p style=\"margin-bottom: 0px\">Resource Encounter &quot;EthEncounterExample&quot; </p><p style=\"margin-bottom: 0px\">Profile: <a href=\"StructureDefinition-eth-encounter.html\">Encounter Profile</a></p></div><p><b>Encounter Next Visit Extension</b>: 2013-01-15</p><p><b>Encounter Visit Type Extension</b>: Unscheduled</p><p><b>identifier</b>: id:\u00a0001</p><p><b>status</b>: finished</p><p><b>class</b>: observation encounter (Details: http://terminology.hl7.org/CodeSystem/v3-ActCode code OBSENC = 'observation encounter', stated as 'observation encounter')</p><p><b>type</b>: Follow-up encounter <span style=\"background: LightGoldenRodYellow; margin: 4px; border: 1px solid khaki\"> (<a href=\"https://browser.ihtsdotools.org/\">SNOMED CT</a>#390906007)</span></p><p><b>subject</b>: <a href=\"Patient-PatientExample.html\">Patient/PatientExample</a> &quot; SMITH&quot;</p><p><b>period</b>: 2012-12-09 --&gt; 2012-12-09</p></div>"
  },
  "extension" : [{
    "url" : "http://cdr.com/next-visit",
    "valueDateTime" : "2013-01-15"
  },
  {
    "url" : "http://cdr.com/visit-type",
    "valueString" : "Unscheduled"
  }],
  "identifier" : [{
    "system" : "http://cdr.com/Encounter",
    "value" : "001"
  }],
  "status" : "finished",
  "class" : {
    "system" : "http://terminology.hl7.org/CodeSystem/v3-ActCode",
    "code" : "OBSENC",
    "display" : "observation encounter"
  },
  "type" : [{
    "coding" : [{
      "system" : "http://snomed.info/sct",
      "code" : "390906007",
      "display" : "Follow-up encounter"
    }],
    "text" : "Follow-up encounter"
  }],
  "subject" : {
    "reference" : "Patient/PatientExample"
  },
  "period" : {
    "start" : "2012-12-09",
    "end" : "2012-12-09"
  }
}