{
  "codeSystems" : [
    {
      "url" : "http://hl7.org/fhir/ValueSet/address-type",
      "version" : "4.0.1",
      "status" : "active",
      "name" : "AddressType",
      "title" : "AddressType",
      "description" : "The type of an address (physical / postal).",
      "systems" : ["http://hl7.org/fhir/address-type"],
      "oids" : ["2.16.840.1.113883.4.642.3.69"],
      "sources" : ["2.16.840.1.113883.4.642.3.69"],
      "uses" : {
      },
      "StructureDefinition-hiv-patient.html" : "hiv-patient",
      "StructureDefinition-eth-organization.html" : "EthOrganizationProfile"
    },
    {
      "url" : "http://hl7.org/fhir/ValueSet/address-use",
      "version" : "4.0.1",
      "status" : "active",
      "name" : "AddressUse",
      "title" : "AddressUse",
      "description" : "The use of an address.",
      "systems" : ["http://hl7.org/fhir/address-use"],
      "oids" : ["2.16.840.1.113883.4.642.3.67"],
      "sources" : ["2.16.840.1.113883.4.642.3.67"],
      "uses" : {
      },
      "StructureDefinition-hiv-patient.html" : "hiv-patient",
      "StructureDefinition-eth-organization.html" : "EthOrganizationProfile"
    },
    {
      "url" : "http://hl7.org/fhir/ValueSet/administrative-gender",
      "version" : "4.0.1",
      "status" : "active",
      "name" : "AdministrativeGender",
      "title" : "AdministrativeGender",
      "description" : "The gender of a person used for administrative purposes.",
      "systems" : ["http://hl7.org/fhir/administrative-gender"],
      "oids" : ["2.16.840.1.113883.4.642.3.1"],
      "sources" : ["2.16.840.1.113883.4.642.3.1"],
      "uses" : {
      },
      "StructureDefinition-eth-patient.html" : "Eth Patient",
      "StructureDefinition-hiv-patient.html" : "hiv-patient"
    },
    {
      "url" : "http://hl7.org/fhir/ValueSet/contact-point-system",
      "version" : "4.0.1",
      "status" : "active",
      "name" : "ContactPointSystem",
      "title" : "ContactPointSystem",
      "description" : "Telecommunications form for contact point.",
      "systems" : ["http://hl7.org/fhir/contact-point-system"],
      "oids" : ["2.16.840.1.113883.4.642.3.71"],
      "sources" : ["2.16.840.1.113883.4.642.3.71"],
      "uses" : {
      },
      "StructureDefinition-hiv-patient.html" : "hiv-patient"
    },
    {
      "url" : "http://hl7.org/fhir/ValueSet/contact-point-use",
      "version" : "4.0.1",
      "status" : "active",
      "name" : "ContactPointUse",
      "title" : "ContactPointUse",
      "description" : "Use of contact point.",
      "systems" : ["http://hl7.org/fhir/contact-point-use"],
      "oids" : ["2.16.840.1.113883.4.642.3.73"],
      "sources" : ["2.16.840.1.113883.4.642.3.73"],
      "uses" : {
      },
      "StructureDefinition-hiv-patient.html" : "hiv-patient"
    },
    {
      "url" : "http://hl7.org/fhir/ValueSet/contactentity-type",
      "version" : "4.0.1",
      "status" : "draft",
      "name" : "ContactEntityType",
      "title" : "Contact entity type",
      "description" : "This example value set defines a set of codes that can be used to indicate the purpose for which you would contact a contact party.",
      "systems" : ["http://terminology.hl7.org/CodeSystem/contactentity-type"],
      "oids" : ["2.16.840.1.113883.4.642.3.416"],
      "sources" : ["2.16.840.1.113883.4.642.3.416"],
      "uses" : {
      },
      "StructureDefinition-eth-organization.html" : "EthOrganizationProfile"
    },
    {
      "url" : "http://hl7.org/fhir/ValueSet/diagnosis-role",
      "version" : "4.0.1",
      "status" : "draft",
      "name" : "DiagnosisRole",
      "title" : "DiagnosisRole",
      "description" : "This value set defines a set of codes that can be used to express the role of a diagnosis on the Encounter or EpisodeOfCare record.",
      "systems" : ["http://terminology.hl7.org/CodeSystem/diagnosis-role"],
      "oids" : ["2.16.840.1.113883.4.642.3.49"],
      "sources" : ["2.16.840.1.113883.4.642.3.49"],
      "uses" : {
      },
      "StructureDefinition-eth-encounter.html" : "Encounter Profile"
    },
    {
      "url" : "http://hl7.org/fhir/ValueSet/encounter-admit-source",
      "version" : "4.0.1",
      "status" : "draft",
      "name" : "AdmitSource",
      "title" : "Admit source",
      "description" : "This value set defines a set of codes that can be used to indicate from where the patient came in.",
      "systems" : ["http://terminology.hl7.org/CodeSystem/admit-source"],
      "oids" : ["2.16.840.1.113883.4.642.3.257"],
      "sources" : ["2.16.840.1.113883.4.642.3.257"],
      "uses" : {
      },
      "StructureDefinition-eth-encounter.html" : "Encounter Profile"
    },
    {
      "url" : "http://hl7.org/fhir/ValueSet/encounter-diet",
      "version" : "4.0.1",
      "status" : "draft",
      "name" : "Diet",
      "title" : "Diet",
      "description" : "This value set defines a set of codes that can be used to indicate dietary preferences or restrictions a patient may have.",
      "systems" : ["http://terminology.hl7.org/CodeSystem/diet"],
      "oids" : ["2.16.840.1.113883.4.642.3.255"],
      "sources" : ["2.16.840.1.113883.4.642.3.255"],
      "uses" : {
      },
      "StructureDefinition-eth-encounter.html" : "Encounter Profile"
    },
    {
      "url" : "http://hl7.org/fhir/ValueSet/encounter-discharge-disposition",
      "version" : "4.0.1",
      "status" : "draft",
      "name" : "DischargeDisposition",
      "title" : "Discharge disposition",
      "description" : "This value set defines a set of codes that can be used to where the patient left the hospital.",
      "systems" : [
        "http://terminology.hl7.org/CodeSystem/discharge-disposition"
      ],
      "oids" : ["2.16.840.1.113883.4.642.3.259"],
      "sources" : ["2.16.840.1.113883.4.642.3.259"],
      "uses" : {
      },
      "StructureDefinition-eth-encounter.html" : "Encounter Profile"
    },
    {
      "url" : "http://hl7.org/fhir/ValueSet/encounter-location-status",
      "version" : "4.0.1",
      "status" : "draft",
      "name" : "EncounterLocationStatus",
      "title" : "EncounterLocationStatus",
      "description" : "The status of the location.",
      "systems" : ["http://hl7.org/fhir/encounter-location-status"],
      "oids" : ["2.16.840.1.113883.4.642.3.262"],
      "sources" : ["2.16.840.1.113883.4.642.3.262"],
      "uses" : {
      },
      "StructureDefinition-eth-encounter.html" : "Encounter Profile"
    },
    {
      "url" : "http://hl7.org/fhir/ValueSet/encounter-participant-type",
      "version" : "4.0.1",
      "status" : "draft",
      "name" : "ParticipantType",
      "title" : "Participant type",
      "description" : "This value set defines a set of codes that can be used to indicate how an individual participates in an encounter.",
      "systems" : [
        "http://terminology.hl7.org/CodeSystem/participant-type",
        "http://terminology.hl7.org/CodeSystem/v3-ParticipationType"
      ],
      "oids" : ["2.16.840.1.113883.4.642.3.250"],
      "sources" : ["2.16.840.1.113883.4.642.3.250"],
      "uses" : {
      },
      "StructureDefinition-eth-encounter.html" : "Encounter Profile"
    },
    {
      "url" : "http://hl7.org/fhir/ValueSet/encounter-reason",
      "version" : "4.0.1",
      "status" : "draft",
      "name" : "EncounterReasonCodes",
      "title" : "Encounter Reason Codes",
      "description" : "This examples value set defines the set of codes that can be used to indicate reasons for an encounter.",
      "systems" : ["http://snomed.info/sct"],
      "oids" : ["2.16.840.1.113883.4.642.3.261"],
      "sources" : ["2.16.840.1.113883.4.642.3.261"],
      "uses" : {
      },
      "StructureDefinition-eth-encounter.html" : "Encounter Profile"
    },
    {
      "url" : "http://hl7.org/fhir/ValueSet/encounter-special-arrangements",
      "version" : "4.0.1",
      "status" : "draft",
      "name" : "SpecialArrangements",
      "title" : "Special arrangements",
      "description" : "This value set defines a set of codes that can be used to indicate the kinds of special arrangements in place for a patients visit.",
      "systems" : [
        "http://terminology.hl7.org/CodeSystem/encounter-special-arrangements"
      ],
      "oids" : ["2.16.840.1.113883.4.642.3.253"],
      "sources" : ["2.16.840.1.113883.4.642.3.253"],
      "uses" : {
      },
      "StructureDefinition-eth-encounter.html" : "Encounter Profile"
    },
    {
      "url" : "http://hl7.org/fhir/ValueSet/encounter-special-courtesy",
      "version" : "4.0.1",
      "status" : "draft",
      "name" : "SpecialCourtesy",
      "title" : "Special courtesy",
      "description" : "This value set defines a set of codes that can be used to indicate special courtesies provided to the patient.",
      "systems" : [
        "http://terminology.hl7.org/CodeSystem/v3-EncounterSpecialCourtesy",
        "http://terminology.hl7.org/CodeSystem/v3-NullFlavor"
      ],
      "oids" : ["2.16.840.1.113883.4.642.3.252"],
      "sources" : ["2.16.840.1.113883.4.642.3.252"],
      "uses" : {
      },
      "StructureDefinition-eth-encounter.html" : "Encounter Profile"
    },
    {
      "url" : "http://hl7.org/fhir/ValueSet/encounter-status",
      "version" : "4.0.1",
      "status" : "draft",
      "name" : "EncounterStatus",
      "title" : "EncounterStatus",
      "description" : "Current state of the encounter.",
      "systems" : ["http://hl7.org/fhir/encounter-status"],
      "oids" : ["2.16.840.1.113883.4.642.3.246"],
      "sources" : ["2.16.840.1.113883.4.642.3.246"],
      "uses" : {
      },
      "StructureDefinition-eth-encounter.html" : "Encounter Profile"
    },
    {
      "url" : "http://hl7.org/fhir/ValueSet/encounter-type",
      "version" : "4.0.1",
      "status" : "draft",
      "name" : "EncounterType",
      "title" : "Encounter type",
      "description" : "This example value set defines a set of codes that can be used to indicate the type of encounter: a specific code indicating type of service provided.",
      "systems" : ["http://terminology.hl7.org/CodeSystem/encounter-type"],
      "oids" : ["2.16.840.1.113883.4.642.3.248"],
      "sources" : ["2.16.840.1.113883.4.642.3.248"],
      "uses" : {
      },
      "StructureDefinition-eth-encounter.html" : "Encounter Profile"
    },
    {
      "url" : "http://hl7.org/fhir/ValueSet/identifier-type",
      "version" : "4.0.1",
      "status" : "active",
      "name" : "Identifier Type Codes",
      "title" : "IdentifierType",
      "description" : "A coded type for an identifier that can be used to determine which identifier to use for a specific purpose.",
      "systems" : ["http://terminology.hl7.org/CodeSystem/v2-0203"],
      "oids" : ["2.16.840.1.113883.4.642.3.45"],
      "sources" : ["2.16.840.1.113883.4.642.3.45"],
      "uses" : {
      },
      "StructureDefinition-eth-encounter.html" : "Encounter Profile",
      "StructureDefinition-eth-patient.html" : "Eth Patient",
      "StructureDefinition-hiv-patient.html" : "hiv-patient",
      "StructureDefinition-eth-organization.html" : "EthOrganizationProfile"
    },
    {
      "url" : "http://hl7.org/fhir/ValueSet/identifier-use",
      "version" : "4.0.1",
      "status" : "active",
      "name" : "IdentifierUse",
      "title" : "IdentifierUse",
      "description" : "Identifies the purpose for this identifier, if known .",
      "systems" : ["http://hl7.org/fhir/identifier-use"],
      "oids" : ["2.16.840.1.113883.4.642.3.57"],
      "sources" : ["2.16.840.1.113883.4.642.3.57"],
      "uses" : {
      },
      "StructureDefinition-eth-encounter.html" : "Encounter Profile",
      "StructureDefinition-eth-patient.html" : "Eth Patient",
      "StructureDefinition-hiv-patient.html" : "hiv-patient",
      "StructureDefinition-eth-organization.html" : "EthOrganizationProfile"
    },
    {
      "url" : "http://hl7.org/fhir/ValueSet/languages",
      "version" : "4.0.1",
      "status" : "draft",
      "name" : "CommonLanguages",
      "title" : "Common Languages",
      "description" : "This value set includes common codes from BCP-47 (http://tools.ietf.org/html/bcp47)",
      "systems" : ["urn:ietf:bcp:47"],
      "oids" : ["2.16.840.1.113883.4.642.3.20"],
      "sources" : ["2.16.840.1.113883.4.642.3.20"],
      "uses" : {
      },
      "StructureDefinition-eth-encounter.html" : "Encounter Profile",
      "StructureDefinition-eth-patient.html" : "Eth Patient",
      "StructureDefinition-eth-medication-dispense.html" : "Medication Dispense Profile",
      "StructureDefinition-hiv-patient.html" : "hiv-patient",
      "StructureDefinition-eth-organization.html" : "EthOrganizationProfile"
    },
    {
      "url" : "http://hl7.org/fhir/ValueSet/link-type",
      "version" : "4.0.1",
      "status" : "active",
      "name" : "LinkType",
      "title" : "LinkType",
      "description" : "The type of link between this patient resource and another patient resource.",
      "systems" : ["http://hl7.org/fhir/link-type"],
      "oids" : ["2.16.840.1.113883.4.642.3.423"],
      "sources" : ["2.16.840.1.113883.4.642.3.423"],
      "uses" : {
      },
      "StructureDefinition-eth-patient.html" : "Eth Patient",
      "StructureDefinition-hiv-patient.html" : "hiv-patient"
    },
    {
      "url" : "http://hl7.org/fhir/ValueSet/location-physical-type",
      "version" : "4.0.1",
      "status" : "draft",
      "name" : "LocationType",
      "title" : "Location type",
      "description" : "This example value set defines a set of codes that can be used to indicate the physical form of the Location.",
      "systems" : [
        "http://terminology.hl7.org/CodeSystem/location-physical-type"
      ],
      "oids" : ["2.16.840.1.113883.4.642.3.328"],
      "sources" : ["2.16.840.1.113883.4.642.3.328"],
      "uses" : {
      },
      "StructureDefinition-eth-encounter.html" : "Encounter Profile"
    },
    {
      "url" : "http://hl7.org/fhir/ValueSet/marital-status",
      "version" : "4.0.1",
      "status" : "active",
      "name" : "Marital Status Codes",
      "title" : "MaritalStatus",
      "description" : "This value set defines the set of codes that can be used to indicate the marital status of a person.",
      "systems" : [
        "http://terminology.hl7.org/CodeSystem/v3-MaritalStatus",
        "http://terminology.hl7.org/CodeSystem/v3-NullFlavor"
      ],
      "oids" : ["2.16.840.1.113883.4.642.3.29"],
      "sources" : ["2.16.840.1.113883.4.642.3.29"],
      "uses" : {
      },
      "StructureDefinition-eth-patient.html" : "Eth Patient",
      "StructureDefinition-hiv-patient.html" : "hiv-patient"
    },
    {
      "url" : "http://hl7.org/fhir/ValueSet/medication-codes",
      "version" : "4.0.1",
      "status" : "draft",
      "name" : "SNOMEDCTMedicationCodes",
      "title" : "SNOMED CT Medication Codes",
      "description" : "This value set includes all drug or medicament substance codes and all pharmaceutical/biologic products from SNOMED CT - provided as an exemplar value set.",
      "systems" : ["http://snomed.info/sct"],
      "oids" : ["2.16.840.1.113883.4.642.3.375"],
      "sources" : ["2.16.840.1.113883.4.642.3.375"],
      "uses" : {
      },
      "StructureDefinition-eth-medication-dispense.html" : "Medication Dispense Profile"
    },
    {
      "url" : "http://hl7.org/fhir/ValueSet/medicationdispense-category",
      "version" : "4.0.1",
      "status" : "draft",
      "name" : "MedicationDispense Category Codes",
      "title" : "Medication dispense  category  codes",
      "description" : "MedicationDispense Category Codes",
      "systems" : [
        "http://terminology.hl7.org/fhir/CodeSystem/medicationdispense-category"
      ],
      "oids" : ["2.16.840.1.113883.4.642.3.1314"],
      "sources" : ["2.16.840.1.113883.4.642.3.1314"],
      "uses" : {
      },
      "StructureDefinition-eth-medication-dispense.html" : "Medication Dispense Profile"
    },
    {
      "url" : "http://hl7.org/fhir/ValueSet/medicationdispense-performer-function",
      "version" : "4.0.1",
      "status" : "draft",
      "name" : "MedicationDispense Performer Function Codes",
      "title" : "Medication dispense  performer  function  codes",
      "description" : "MedicationDispense Performer Function Codes",
      "systems" : [
        "http://terminology.hl7.org/CodeSystem/medicationdispense-performer-function"
      ],
      "oids" : ["2.16.840.1.113883.4.642.3.1318"],
      "sources" : ["2.16.840.1.113883.4.642.3.1318"],
      "uses" : {
      },
      "StructureDefinition-eth-medication-dispense.html" : "Medication Dispense Profile"
    },
    {
      "url" : "http://hl7.org/fhir/ValueSet/medicationdispense-status",
      "version" : "4.0.1",
      "status" : "draft",
      "name" : "MedicationDispense Status Codes",
      "title" : "Medication dispense  status  codes",
      "description" : "MedicationDispense Status Codes",
      "systems" : [
        "http://terminology.hl7.org/CodeSystem/medicationdispense-status"
      ],
      "oids" : ["2.16.840.1.113883.4.642.3.1312"],
      "sources" : ["2.16.840.1.113883.4.642.3.1312"],
      "uses" : {
      },
      "StructureDefinition-eth-medication-dispense.html" : "Medication Dispense Profile"
    },
    {
      "url" : "http://hl7.org/fhir/ValueSet/medicationdispense-status-reason",
      "version" : "4.0.1",
      "status" : "draft",
      "name" : "MedicationDispense Status Reason Codes",
      "title" : "Medication dispense  status  reason  codes",
      "description" : "MedicationDispense Status Codes",
      "systems" : [
        "http://terminology.hl7.org/fhir/CodeSystem/medicationdispense-status-reason"
      ],
      "oids" : ["2.16.840.1.113883.4.642.3.1316"],
      "sources" : ["2.16.840.1.113883.4.642.3.1316"],
      "uses" : {
      },
      "StructureDefinition-eth-medication-dispense.html" : "Medication Dispense Profile"
    },
    {
      "url" : "http://hl7.org/fhir/ValueSet/name-use",
      "version" : "4.0.1",
      "status" : "active",
      "name" : "NameUse",
      "title" : "NameUse",
      "description" : "The use of a human name.",
      "systems" : ["http://hl7.org/fhir/name-use"],
      "oids" : ["2.16.840.1.113883.4.642.3.65"],
      "sources" : ["2.16.840.1.113883.4.642.3.65"],
      "uses" : {
      },
      "StructureDefinition-hiv-patient.html" : "hiv-patient"
    },
    {
      "url" : "http://hl7.org/fhir/ValueSet/organization-type",
      "version" : "4.0.1",
      "status" : "draft",
      "name" : "OrganizationType",
      "title" : "Organization type",
      "description" : "This example value set defines a set of codes that can be used to indicate a type of organization.",
      "systems" : ["http://terminology.hl7.org/CodeSystem/organization-type"],
      "oids" : ["2.16.840.1.113883.4.642.3.414"],
      "sources" : ["2.16.840.1.113883.4.642.3.414"],
      "uses" : {
      },
      "StructureDefinition-eth-organization.html" : "EthOrganizationProfile"
    },
    {
      "url" : "http://hl7.org/fhir/ValueSet/patient-contactrelationship",
      "version" : "4.0.1",
      "status" : "active",
      "name" : "PatientContactRelationship",
      "title" : "Patient Contact Relationship ",
      "description" : "The nature of the relationship between the patient and the contact person.",
      "systems" : ["http://terminology.hl7.org/CodeSystem/v2-0131"],
      "oids" : ["2.16.840.1.113883.4.642.3.1130"],
      "sources" : ["2.16.840.1.113883.4.642.3.1130"],
      "uses" : {
      },
      "StructureDefinition-eth-patient.html" : "Eth Patient",
      "StructureDefinition-hiv-patient.html" : "hiv-patient"
    },
    {
      "url" : "http://hl7.org/fhir/ValueSet/quantity-comparator",
      "version" : "4.0.1",
      "status" : "active",
      "name" : "QuantityComparator",
      "title" : "QuantityComparator",
      "description" : "How the Quantity should be understood and represented.",
      "systems" : ["http://hl7.org/fhir/quantity-comparator"],
      "oids" : ["2.16.840.1.113883.4.642.3.59"],
      "sources" : ["2.16.840.1.113883.4.642.3.59"],
      "uses" : {
      },
      "StructureDefinition-eth-medication-dispense.html" : "Medication Dispense Profile"
    },
    {
      "url" : "http://hl7.org/fhir/ValueSet/service-type",
      "version" : "4.0.1",
      "status" : "draft",
      "name" : "ServiceType",
      "title" : "Service type",
      "description" : "This value set defines an example set of codes of service-types.",
      "systems" : ["http://terminology.hl7.org/CodeSystem/service-type"],
      "oids" : ["2.16.840.1.113883.4.642.3.518"],
      "sources" : ["2.16.840.1.113883.4.642.3.518"],
      "uses" : {
      },
      "StructureDefinition-eth-encounter.html" : "Encounter Profile"
    },
    {
      "url" : "http://openhie.org/fhir/custom-fhir-ig/ValueSet/client-key-population-values",
      "version" : "1.0.0",
      "status" : "active",
      "name" : "ClientKeyPopulationValues",
      "title" : "Client Key Population Values",
      "description" : "Client Key Population Value Set",
      "systems" : [
        "http://openhie.org/fhir/custom-fhir-ig/CodeSystem/client-key-population-code-system",
        "http://snomed.info/sct"
      ],
      "uses" : {
      },
      "StructureDefinition-client-key-population-extension.html" : "ClientKeyPopulationExtension"
    },
    {
      "url" : "http://openhie.org/fhir/custom-fhir-ig/ValueSet/dispense-codes-value-set",
      "version" : "1.0.0",
      "status" : "active",
      "name" : "DispenseCodesValueSet",
      "title" : "ARV Drugs Dispense Codes Value Set",
      "description" : "ARV Drugs dispense code Value Set",
      "systems" : ["http://cdr.com/hiv-regimen-codes", "http://snomed.info/sct"],
      "uses" : {
      },
      "StructureDefinition-eth-medication-dispense.html" : "Medication Dispense Profile"
    },
    {
      "url" : "http://openhie.org/fhir/custom-fhir-ig/ValueSet/followup-status-value-set",
      "version" : "1.0.0",
      "status" : "active",
      "name" : "FollowUpStatusValueSet",
      "title" : "Follow Up Status Value Set",
      "description" : "FollowUp Status Value Set",
      "systems" : ["http://cdr.com/medication-dispense/status-reason"],
      "uses" : {
      },
      "StructureDefinition-eth-medication-dispense.html" : "Medication Dispense Profile"
    },
    {
      "url" : "http://terminology.hl7.org/ValueSet/v2-0092",
      "version" : "2.0.0",
      "status" : "active",
      "name" : "Hl7VSReAdmissionIndicator",
      "title" : "hl7VS-re-admissionIndicator",
      "description" : "Value Set of codes which are used to specify that a patient is being re-admitted to a healthcare facility from which they were discharged, and indicates the circumstances around such re-admission.",
      "systems" : ["http://terminology.hl7.org/CodeSystem/v2-0092"],
      "oids" : ["2.16.840.1.113883.21.40"],
      "sources" : ["2.16.840.1.113883.21.40"],
      "uses" : {
      },
      "StructureDefinition-eth-encounter.html" : "Encounter Profile"
    },
    {
      "url" : "http://terminology.hl7.org/ValueSet/v3-ActEncounterCode",
      "version" : "2.0.0",
      "status" : "active",
      "name" : "ActEncounterCode",
      "title" : "ActEncounterCode",
      "description" : "Domain provides codes that qualify the ActEncounterClass (ENC)",
      "systems" : ["http://terminology.hl7.org/CodeSystem/v3-ActCode"],
      "oids" : ["2.16.840.1.113883.1.11.13955"],
      "sources" : ["2.16.840.1.113883.1.11.13955"],
      "uses" : {
      },
      "StructureDefinition-eth-encounter.html" : "Encounter Profile"
    },
    {
      "url" : "http://terminology.hl7.org/ValueSet/v3-ActPharmacySupplyType",
      "version" : "2.0.0",
      "status" : "active",
      "name" : "ActPharmacySupplyType",
      "title" : "ActPharmacySupplyType",
      "description" : "Identifies types of dispensing events",
      "systems" : ["http://terminology.hl7.org/CodeSystem/v3-ActCode"],
      "oids" : ["2.16.840.1.113883.1.11.16208"],
      "sources" : ["2.16.840.1.113883.1.11.16208"],
      "uses" : {
      },
      "StructureDefinition-eth-medication-dispense.html" : "Medication Dispense Profile"
    },
    {
      "url" : "http://terminology.hl7.org/ValueSet/v3-ActPriority",
      "version" : "2.0.0",
      "status" : "active",
      "name" : "ActPriority",
      "title" : "ActPriority",
      "description" : "A code or set of codes (e.g., for routine, emergency,) specifying the urgency under which the Act happened, can happen, is happening, is intended to happen, or is requested/demanded to happen.\r\n\r\n*Discussion:* This attribute is used in orders to indicate the ordered priority, and in event documentation it indicates the actual priority used to perform the act. In definition mood it indicates the available priorities.",
      "systems" : ["http://terminology.hl7.org/CodeSystem/v3-ActPriority"],
      "oids" : ["2.16.840.1.113883.1.11.16866"],
      "sources" : ["2.16.840.1.113883.1.11.16866"],
      "uses" : {
      },
      "StructureDefinition-eth-encounter.html" : "Encounter Profile"
    },
    {
      "url" : "http://terminology.hl7.org/ValueSet/v3-ActSubstanceAdminSubstitutionCode",
      "version" : "2.0.0",
      "status" : "active",
      "name" : "ActSubstanceAdminSubstitutionCode",
      "title" : "ActSubstanceAdminSubstitutionCode",
      "description" : "***No description***",
      "systems" : [
        "http://terminology.hl7.org/CodeSystem/v3-substanceAdminSubstitution"
      ],
      "oids" : ["2.16.840.1.113883.1.11.16621"],
      "sources" : ["2.16.840.1.113883.1.11.16621"],
      "uses" : {
      },
      "StructureDefinition-eth-medication-dispense.html" : "Medication Dispense Profile"
    },
    {
      "url" : "http://terminology.hl7.org/ValueSet/v3-SubstanceAdminSubstitutionReason",
      "version" : "2.0.0",
      "status" : "active",
      "name" : "SubstanceAdminSubstitutionReason",
      "title" : "SubstanceAdminSubstitutionReason",
      "description" : "***No description***",
      "systems" : ["http://terminology.hl7.org/CodeSystem/v3-ActReason"],
      "oids" : ["2.16.840.1.113883.1.11.19377"],
      "sources" : ["2.16.840.1.113883.1.11.19377"],
      "uses" : {
      },
      "StructureDefinition-eth-medication-dispense.html" : "Medication Dispense Profile"
    }
  ]
}
