<?xml version="1.0" encoding="UTF-8"?>

<ValueSet xmlns="http://hl7.org/fhir">
  <id value="dispense-codes-value-set"/>
  <text>
    <status value="generated"/><div xmlns="http://www.w3.org/1999/xhtml"><p>This value set includes codes based on the following rules:</p><ul><li>Include all codes defined in <a href="CodeSystem-dispense-codes-code-system.html"><code>http://cdr.com/hiv-regimen-codes</code></a></li><li>Include these codes as defined in <a href="http://www.snomed.org/"><code>http://snomed.info/sct</code></a><table class="none"><tr><td style="white-space:nowrap"><b>Code</b></td><td><b>Display</b></td></tr><tr><td><a href="http://snomed.info/id/874950001">874950001</a></td><td>Product containing only efavirenz and lamivudine and tenofovir - TDF + 3TC + EFV</td></tr><tr><td><a href="http://snomed.info/id/324859007">324859007</a></td><td>Product containing lamivudine and zidovudine - AZT + 3TC + ATV/r - AZT + 3TC + LPV/r</td></tr><tr><td><a href="http://snomed.info/id/776467001">776467001</a></td><td>AZT + 3TC + NVP - Product containing only lamivudine and nevirapine and zidovudine</td></tr><tr><td><a href="http://snomed.info/id/787163007">787163007</a></td><td>DRV/r + DTG + TDF/3TC - Product containing dolutegravir and lamivudine</td></tr><tr><td><a href="http://snomed.info/id/413381000">413381000</a></td><td>Product containing abacavir and lamivudine - ABC + 3TC + LPV/r - ABC + 3TC + EFV - ABC + 3TC + NVP</td></tr></table></li></ul></div>
  </text>
  <url value="http://openhie.org/fhir/custom-fhir-ig/ValueSet/dispense-codes-value-set"/>
  <version value="1.0.0"/>
  <name value="DispenseCodesValueSet"/>
  <title value="ARV Drugs Dispense Codes Value Set"/>
  <status value="active"/>
  <experimental value="false"/>
  <date value="2023-12-11T10:47:10+00:00"/>
  <publisher value="Jembi Health Systems"/>
  <contact>
    <name value="Jembi Health Systems"/>
    <telecom>
      <system value="url"/>
      <value value="https://www.jembi.org"/>
    </telecom>
    <telecom>
      <system value="email"/>
      <value value="info.jembi.org"/>
    </telecom>
  </contact>
  <contact>
    <name value="Nour Borgi"/>
    <telecom>
      <system value="email"/>
      <value value="nour@symbionix.co"/>
      <use value="work"/>
    </telecom>
  </contact>
  <description value="ARV Drugs dispense code Value Set"/>
  <jurisdiction>
    <coding>
      <system value="http://unstats.un.org/unsd/methods/m49/m49.htm"/>
      <code value="001"/>
      <display value="World"/>
    </coding>
  </jurisdiction>
  <compose>
    <include>
      <system value="http://cdr.com/hiv-regimen-codes"/>
    </include>
    <include>
      <system value="http://snomed.info/sct"/>
      <concept>
        <code value="874950001"/>
        <display value="Product containing only efavirenz and lamivudine and tenofovir - TDF + 3TC + EFV"/>
      </concept>
      <concept>
        <code value="324859007"/>
        <display value="Product containing lamivudine and zidovudine - AZT + 3TC + ATV/r - AZT + 3TC + LPV/r"/>
      </concept>
      <concept>
        <code value="776467001"/>
        <display value="AZT + 3TC + NVP - Product containing only lamivudine and nevirapine and zidovudine"/>
      </concept>
      <concept>
        <code value="787163007"/>
        <display value="DRV/r + DTG + TDF/3TC - Product containing dolutegravir and lamivudine"/>
      </concept>
      <concept>
        <code value="413381000"/>
        <display value="Product containing abacavir and lamivudine - ABC + 3TC + LPV/r - ABC + 3TC + EFV - ABC + 3TC + NVP"/>
      </concept>
    </include>
  </compose>
</ValueSet>