{
  "resourceType" : "Bundle",
  "id" : "9b107a93-c26d-4d89-8dfa-becef08041e6",
  "meta" : {
    "lastUpdated" : "2023-12-11T09:01:08.651+00:00"
  },
  "type" : "collection",
  "entry" : [{
    "fullUrl" : "http://openhie.org/fhir/custom-fhir-ig/ValueSet/client-key-population-values",
    "resource" : {
      "resourceType" : "ValueSet",
      "text" : {
        "status" : "generated",
        "div" : "<div xmlns=\"http://www.w3.org/1999/xhtml\"><div style=\"border: black 1px dotted; background-color: #EEEEEE; padding: 8px; margin-bottom: 8px\"><p>Expansion based on: </p><ul><li><a href=\"CodeSystem-client-key-population-code-system.html\">codesystem Client Key Population CodeSystem v1.0.0 (CodeSystem)</a></li><li>SNOMED CT International edition 01-Sep 2023</li><li>SNOMED CT International edition 01-Sep 2023</li></ul></div><p>This value set contains 7 concepts</p><table class=\"codes\"><tr><td style=\"white-space:nowrap\"><b>Code</b></td><td><b>System</b></td><td><b>Display</b></td></tr><tr><td style=\"white-space:nowrap\"><a name=\"http---snomed.info-sct-472986005\"> </a>\u00a0\u00a0<a href=\"http://snomed.info/id/472986005\">472986005</a></td><td>http://snomed.info/sct</td><td>Sexually active with men</td></tr><tr><td style=\"white-space:nowrap\"><a name=\"http---snomed.info-sct-159799000\"> </a>\u00a0\u00a0<a href=\"http://snomed.info/id/159799000\">159799000</a></td><td>http://snomed.info/sct</td><td>Female prostitute</td></tr><tr><td style=\"white-space:nowrap\"><a name=\"http---snomed.info-sct-159800001\"> </a>\u00a0\u00a0<a href=\"http://snomed.info/id/159800001\">159800001</a></td><td>http://snomed.info/sct</td><td>Male prostitute</td></tr><tr><td style=\"white-space:nowrap\"><a name=\"http---snomed.info-sct-228388006\"> </a>\u00a0\u00a0<a href=\"http://snomed.info/id/228388006\">228388006</a></td><td>http://snomed.info/sct</td><td>Intravenous drug user</td></tr><tr><td style=\"white-space:nowrap\"><a name=\"http---snomed.info-sct-417284009\"> </a>\u00a0\u00a0<a href=\"http://snomed.info/id/417284009\">417284009</a></td><td>http://snomed.info/sct</td><td>Current drug user</td></tr><tr><td style=\"white-space:nowrap\"><a name=\"http---snomed.info-sct-407375002\"> </a>\u00a0\u00a0<a href=\"http://snomed.info/id/407375002\">407375002</a></td><td>http://snomed.info/sct</td><td>Surgically transgendered transsexual</td></tr><tr><td style=\"white-space:nowrap\"><a name=\"http---openhie.org-fhir-custom-fhir-ig-CodeSystem-client-key-population-code-system-General-Population\"> </a>\u00a0\u00a0<a href=\"CodeSystem-client-key-population-code-system.html#client-key-population-code-system-General-Population\">General-Population</a></td><td>http://openhie.org/fhir/custom-fhir-ig/CodeSystem/client-key-population-code-system</td><td>General Population</td></tr></table></div>"
      },
      "url" : "http://openhie.org/fhir/custom-fhir-ig/ValueSet/client-key-population-values",
      "version" : "1.0.0",
      "name" : "ClientKeyPopulationValues",
      "title" : "Client Key Population Values",
      "status" : "active",
      "experimental" : false,
      "date" : "2023-12-11T09:01:08+00:00",
      "jurisdiction" : [{
        "coding" : [{
          "system" : "http://unstats.un.org/unsd/methods/m49/m49.htm",
          "code" : "001",
          "display" : "World"
        }]
      }],
      "expansion" : {
        "identifier" : "urn:uuid:0a839581-4099-419a-9684-36e5884dc9b9",
        "timestamp" : "2023-12-11T09:01:29+00:00",
        "total" : 7,
        "parameter" : [{
          "name" : "excludeNested",
          "valueBoolean" : false
        },
        {
          "name" : "used-valueset",
          "valueUri" : "null"
        },
        {
          "name" : "limitedExpansion",
          "valueBoolean" : true
        },
        {
          "name" : "used-codesystem",
          "valueUri" : "http://snomed.info/sct|http://snomed.info/sct/900000000000207008/version/20230901"
        },
        {
          "name" : "version",
          "valueUri" : "http://snomed.info/sct|http://snomed.info/sct/900000000000207008/version/20230901"
        },
        {
          "name" : "used-codesystem",
          "valueUri" : "http://openhie.org/fhir/custom-fhir-ig/CodeSystem/client-key-population-code-system|1.0.0"
        }],
        "contains" : [{
          "system" : "http://snomed.info/sct",
          "code" : "472986005",
          "display" : "Sexually active with men"
        },
        {
          "system" : "http://snomed.info/sct",
          "code" : "159799000",
          "display" : "Female prostitute"
        },
        {
          "system" : "http://snomed.info/sct",
          "code" : "159800001",
          "display" : "Male prostitute"
        },
        {
          "system" : "http://snomed.info/sct",
          "code" : "228388006",
          "display" : "Intravenous drug user"
        },
        {
          "system" : "http://snomed.info/sct",
          "code" : "417284009",
          "display" : "Current drug user"
        },
        {
          "system" : "http://snomed.info/sct",
          "code" : "407375002",
          "display" : "Surgically transgendered transsexual"
        },
        {
          "system" : "http://openhie.org/fhir/custom-fhir-ig/CodeSystem/client-key-population-code-system",
          "code" : "General-Population",
          "display" : "General Population"
        }]
      }
    }
  },
  {
    "fullUrl" : "http://openhie.org/fhir/custom-fhir-ig/ValueSet/dispense-codes-value-set",
    "resource" : {
      "resourceType" : "ValueSet",
      "text" : {
        "status" : "generated",
        "div" : "<div xmlns=\"http://www.w3.org/1999/xhtml\"><div style=\"border: black 1px dotted; background-color: #EEEEEE; padding: 8px; margin-bottom: 8px\"><p>Expansion based on: </p><ul><li><a href=\"CodeSystem-dispense-codes-code-system.html\">codesystem ARV Drugs Dispense Codes Code System v1.0.0 (CodeSystem)</a></li><li>SNOMED CT International edition 01-Sep 2023</li><li>SNOMED CT International edition 01-Sep 2023</li></ul></div><p>This value set contains 61 concepts</p><table class=\"codes\"><tr><td style=\"white-space:nowrap\"><b>Code</b></td><td><b>System</b></td><td><b>Display</b></td></tr><tr><td style=\"white-space:nowrap\"><a name=\"http---cdr.com-hiv-regimen-codes-1a\"> </a>\u00a0\u00a0<a href=\"CodeSystem-dispense-codes-code-system.html#dispense-codes-code-system-1a\">1a</a></td><td>http://cdr.com/hiv-regimen-codes</td><td>1a</td></tr><tr><td style=\"white-space:nowrap\"><a name=\"http---cdr.com-hiv-regimen-codes-1b\"> </a>\u00a0\u00a0<a href=\"CodeSystem-dispense-codes-code-system.html#dispense-codes-code-system-1b\">1b</a></td><td>http://cdr.com/hiv-regimen-codes</td><td>1b</td></tr><tr><td style=\"white-space:nowrap\"><a name=\"http---cdr.com-hiv-regimen-codes-1c\"> </a>\u00a0\u00a0<a href=\"CodeSystem-dispense-codes-code-system.html#dispense-codes-code-system-1c\">1c</a></td><td>http://cdr.com/hiv-regimen-codes</td><td>AZT + 3TC + NVP - Product containing only lamivudine and nevirapine and zidovudine</td></tr><tr><td style=\"white-space:nowrap\"><a name=\"http---cdr.com-hiv-regimen-codes-1d\"> </a>\u00a0\u00a0<a href=\"CodeSystem-dispense-codes-code-system.html#dispense-codes-code-system-1d\">1d</a></td><td>http://cdr.com/hiv-regimen-codes</td><td>AZT + 3TC + EFV</td></tr><tr><td style=\"white-space:nowrap\"><a name=\"http---cdr.com-hiv-regimen-codes-1e\"> </a>\u00a0\u00a0<a href=\"CodeSystem-dispense-codes-code-system.html#dispense-codes-code-system-1e\">1e</a></td><td>http://cdr.com/hiv-regimen-codes</td><td>Product containing only efavirenz and lamivudine and tenofovir - TDF + 3TC + EFV</td></tr><tr><td style=\"white-space:nowrap\"><a name=\"http---cdr.com-hiv-regimen-codes-1f\"> </a>\u00a0\u00a0<a href=\"CodeSystem-dispense-codes-code-system.html#dispense-codes-code-system-1f\">1f</a></td><td>http://cdr.com/hiv-regimen-codes</td><td>TDF + 3TC + NVP</td></tr><tr><td style=\"white-space:nowrap\"><a name=\"http---cdr.com-hiv-regimen-codes-1g\"> </a>\u00a0\u00a0<a href=\"CodeSystem-dispense-codes-code-system.html#dispense-codes-code-system-1g\">1g</a></td><td>http://cdr.com/hiv-regimen-codes</td><td>ABC + 3TC + EFV - Product containing abacavir and lamivudine</td></tr><tr><td style=\"white-space:nowrap\"><a name=\"http---cdr.com-hiv-regimen-codes-1h\"> </a>\u00a0\u00a0<a href=\"CodeSystem-dispense-codes-code-system.html#dispense-codes-code-system-1h\">1h</a></td><td>http://cdr.com/hiv-regimen-codes</td><td>ABC + 3TC + NVP - Product containing abacavir and lamivudine</td></tr><tr><td style=\"white-space:nowrap\"><a name=\"http---cdr.com-hiv-regimen-codes-1j\"> </a>\u00a0\u00a0<a href=\"CodeSystem-dispense-codes-code-system.html#dispense-codes-code-system-1j\">1j</a></td><td>http://cdr.com/hiv-regimen-codes</td><td>TDF + 3TC + DTG</td></tr><tr><td style=\"white-space:nowrap\"><a name=\"http---cdr.com-hiv-regimen-codes-1k\"> </a>\u00a0\u00a0<a href=\"CodeSystem-dispense-codes-code-system.html#dispense-codes-code-system-1k\">1k</a></td><td>http://cdr.com/hiv-regimen-codes</td><td>AZT + 3TC + DTG</td></tr><tr><td style=\"white-space:nowrap\"><a name=\"http---cdr.com-hiv-regimen-codes-1a-30\"> </a>\u00a0\u00a0<a href=\"CodeSystem-dispense-codes-code-system.html#dispense-codes-code-system-1a-30\">1a-30</a></td><td>http://cdr.com/hiv-regimen-codes</td><td>1a-30</td></tr><tr><td style=\"white-space:nowrap\"><a name=\"http---cdr.com-hiv-regimen-codes-1a-40\"> </a>\u00a0\u00a0<a href=\"CodeSystem-dispense-codes-code-system.html#dispense-codes-code-system-1a-40\">1a-40</a></td><td>http://cdr.com/hiv-regimen-codes</td><td>1a-40</td></tr><tr><td style=\"white-space:nowrap\"><a name=\"http---cdr.com-hiv-regimen-codes-1b-30\"> </a>\u00a0\u00a0<a href=\"CodeSystem-dispense-codes-code-system.html#dispense-codes-code-system-1b-30\">1b-30</a></td><td>http://cdr.com/hiv-regimen-codes</td><td>1b-30</td></tr><tr><td style=\"white-space:nowrap\"><a name=\"http---cdr.com-hiv-regimen-codes-1b-40\"> </a>\u00a0\u00a0<a href=\"CodeSystem-dispense-codes-code-system.html#dispense-codes-code-system-1b-40\">1b-40</a></td><td>http://cdr.com/hiv-regimen-codes</td><td>1b-40</td></tr><tr><td style=\"white-space:nowrap\"><a name=\"http---cdr.com-hiv-regimen-codes-2a\"> </a>\u00a0\u00a0<a href=\"CodeSystem-dispense-codes-code-system.html#dispense-codes-code-system-2a\">2a</a></td><td>http://cdr.com/hiv-regimen-codes</td><td>2a</td></tr><tr><td style=\"white-space:nowrap\"><a name=\"http---cdr.com-hiv-regimen-codes-2b\"> </a>\u00a0\u00a0<a href=\"CodeSystem-dispense-codes-code-system.html#dispense-codes-code-system-2b\">2b</a></td><td>http://cdr.com/hiv-regimen-codes</td><td>2b</td></tr><tr><td style=\"white-space:nowrap\"><a name=\"http---cdr.com-hiv-regimen-codes-2c\"> </a>\u00a0\u00a0<a href=\"CodeSystem-dispense-codes-code-system.html#dispense-codes-code-system-2c\">2c</a></td><td>http://cdr.com/hiv-regimen-codes</td><td>2c</td></tr><tr><td style=\"white-space:nowrap\"><a name=\"http---cdr.com-hiv-regimen-codes-2d\"> </a>\u00a0\u00a0<a href=\"CodeSystem-dispense-codes-code-system.html#dispense-codes-code-system-2d\">2d</a></td><td>http://cdr.com/hiv-regimen-codes</td><td>2d</td></tr><tr><td style=\"white-space:nowrap\"><a name=\"http---cdr.com-hiv-regimen-codes-2e\"> </a>\u00a0\u00a0<a href=\"CodeSystem-dispense-codes-code-system.html#dispense-codes-code-system-2e\">2e</a></td><td>http://cdr.com/hiv-regimen-codes</td><td>AZT + 3TC + LPV/r - Product containing lamivudine and zidovudine</td></tr><tr><td style=\"white-space:nowrap\"><a name=\"http---cdr.com-hiv-regimen-codes-2f\"> </a>\u00a0\u00a0<a href=\"CodeSystem-dispense-codes-code-system.html#dispense-codes-code-system-2f\">2f</a></td><td>http://cdr.com/hiv-regimen-codes</td><td>AZT + 3TC + ATV/r - Product containing lamivudine and zidovudine</td></tr><tr><td style=\"white-space:nowrap\"><a name=\"http---cdr.com-hiv-regimen-codes-2g\"> </a>\u00a0\u00a0<a href=\"CodeSystem-dispense-codes-code-system.html#dispense-codes-code-system-2g\">2g</a></td><td>http://cdr.com/hiv-regimen-codes</td><td>TDF + 3TC+ LPV/r</td></tr><tr><td style=\"white-space:nowrap\"><a name=\"http---cdr.com-hiv-regimen-codes-2h\"> </a>\u00a0\u00a0<a href=\"CodeSystem-dispense-codes-code-system.html#dispense-codes-code-system-2h\">2h</a></td><td>http://cdr.com/hiv-regimen-codes</td><td>TDF + 3TC + ATV/r</td></tr><tr><td style=\"white-space:nowrap\"><a name=\"http---cdr.com-hiv-regimen-codes-2i\"> </a>\u00a0\u00a0<a href=\"CodeSystem-dispense-codes-code-system.html#dispense-codes-code-system-2i\">2i</a></td><td>http://cdr.com/hiv-regimen-codes</td><td>ABC + 3TC + LPV/r - Product containing abacavir and lamivudine</td></tr><tr><td style=\"white-space:nowrap\"><a name=\"http---cdr.com-hiv-regimen-codes-3a\"> </a>\u00a0\u00a0<a href=\"CodeSystem-dispense-codes-code-system.html#dispense-codes-code-system-3a\">3a</a></td><td>http://cdr.com/hiv-regimen-codes</td><td>DRV/r + DTG + AZT/3TC</td></tr><tr><td style=\"white-space:nowrap\"><a name=\"http---cdr.com-hiv-regimen-codes-3b\"> </a>\u00a0\u00a0<a href=\"CodeSystem-dispense-codes-code-system.html#dispense-codes-code-system-3b\">3b</a></td><td>http://cdr.com/hiv-regimen-codes</td><td>DRV/r + DTG + TDF/3TC - Product containing dolutegravir and lamivudine</td></tr><tr><td style=\"white-space:nowrap\"><a name=\"http---cdr.com-hiv-regimen-codes-3d\"> </a>\u00a0\u00a0<a href=\"CodeSystem-dispense-codes-code-system.html#dispense-codes-code-system-3d\">3d</a></td><td>http://cdr.com/hiv-regimen-codes</td><td>DRV/r + ABC + EFV + 3TC</td></tr><tr><td style=\"white-space:nowrap\"><a name=\"http---cdr.com-hiv-regimen-codes-4a\"> </a>\u00a0\u00a0<a href=\"CodeSystem-dispense-codes-code-system.html#dispense-codes-code-system-4a\">4a</a></td><td>http://cdr.com/hiv-regimen-codes</td><td>4a</td></tr><tr><td style=\"white-space:nowrap\"><a name=\"http---cdr.com-hiv-regimen-codes-4b\"> </a>\u00a0\u00a0<a href=\"CodeSystem-dispense-codes-code-system.html#dispense-codes-code-system-4b\">4b</a></td><td>http://cdr.com/hiv-regimen-codes</td><td>4b</td></tr><tr><td style=\"white-space:nowrap\"><a name=\"http---cdr.com-hiv-regimen-codes-4c\"> </a>\u00a0\u00a0<a href=\"CodeSystem-dispense-codes-code-system.html#dispense-codes-code-system-4c\">4c</a></td><td>http://cdr.com/hiv-regimen-codes</td><td>AZT + 3TC + NVP</td></tr><tr><td style=\"white-space:nowrap\"><a name=\"http---cdr.com-hiv-regimen-codes-4d\"> </a>\u00a0\u00a0<a href=\"CodeSystem-dispense-codes-code-system.html#dispense-codes-code-system-4d\">4d</a></td><td>http://cdr.com/hiv-regimen-codes</td><td>AZT + 3TC + EFV</td></tr><tr><td style=\"white-space:nowrap\"><a name=\"http---cdr.com-hiv-regimen-codes-4e\"> </a>\u00a0\u00a0<a href=\"CodeSystem-dispense-codes-code-system.html#dispense-codes-code-system-4e\">4e</a></td><td>http://cdr.com/hiv-regimen-codes</td><td>TDF + 3TC + EFV</td></tr><tr><td style=\"white-space:nowrap\"><a name=\"http---cdr.com-hiv-regimen-codes-4f\"> </a>\u00a0\u00a0<a href=\"CodeSystem-dispense-codes-code-system.html#dispense-codes-code-system-4f\">4f</a></td><td>http://cdr.com/hiv-regimen-codes</td><td>AZT + 3TC + LPV/r</td></tr><tr><td style=\"white-space:nowrap\"><a name=\"http---cdr.com-hiv-regimen-codes-4g\"> </a>\u00a0\u00a0<a href=\"CodeSystem-dispense-codes-code-system.html#dispense-codes-code-system-4g\">4g</a></td><td>http://cdr.com/hiv-regimen-codes</td><td>ABC + 3TC + LPV/r</td></tr><tr><td style=\"white-space:nowrap\"><a name=\"http---cdr.com-hiv-regimen-codes-4j\"> </a>\u00a0\u00a0<a href=\"CodeSystem-dispense-codes-code-system.html#dispense-codes-code-system-4j\">4j</a></td><td>http://cdr.com/hiv-regimen-codes</td><td>ABC + 3TC + DTG</td></tr><tr><td style=\"white-space:nowrap\"><a name=\"http---cdr.com-hiv-regimen-codes-4i\"> </a>\u00a0\u00a0<a href=\"CodeSystem-dispense-codes-code-system.html#dispense-codes-code-system-4i\">4i</a></td><td>http://cdr.com/hiv-regimen-codes</td><td>TDF + 3TC + DTG</td></tr><tr><td style=\"white-space:nowrap\"><a name=\"http---cdr.com-hiv-regimen-codes-4k\"> </a>\u00a0\u00a0<a href=\"CodeSystem-dispense-codes-code-system.html#dispense-codes-code-system-4k\">4k</a></td><td>http://cdr.com/hiv-regimen-codes</td><td>AZT + 3TC + DTG</td></tr><tr><td style=\"white-space:nowrap\"><a name=\"http---cdr.com-hiv-regimen-codes-5a\"> </a>\u00a0\u00a0<a href=\"CodeSystem-dispense-codes-code-system.html#dispense-codes-code-system-5a\">5a</a></td><td>http://cdr.com/hiv-regimen-codes</td><td>5a</td></tr><tr><td style=\"white-space:nowrap\"><a name=\"http---cdr.com-hiv-regimen-codes-5b\"> </a>\u00a0\u00a0<a href=\"CodeSystem-dispense-codes-code-system.html#dispense-codes-code-system-5b\">5b</a></td><td>http://cdr.com/hiv-regimen-codes</td><td>5b</td></tr><tr><td style=\"white-space:nowrap\"><a name=\"http---cdr.com-hiv-regimen-codes-5c\"> </a>\u00a0\u00a0<a href=\"CodeSystem-dispense-codes-code-system.html#dispense-codes-code-system-5c\">5c</a></td><td>http://cdr.com/hiv-regimen-codes</td><td>5c</td></tr><tr><td style=\"white-space:nowrap\"><a name=\"http---cdr.com-hiv-regimen-codes-5d\"> </a>\u00a0\u00a0<a href=\"CodeSystem-dispense-codes-code-system.html#dispense-codes-code-system-5d\">5d</a></td><td>http://cdr.com/hiv-regimen-codes</td><td>5d</td></tr><tr><td style=\"white-space:nowrap\"><a name=\"http---cdr.com-hiv-regimen-codes-5e\"> </a>\u00a0\u00a0<a href=\"CodeSystem-dispense-codes-code-system.html#dispense-codes-code-system-5e\">5e</a></td><td>http://cdr.com/hiv-regimen-codes</td><td>ABC + 3TC + LPV/r</td></tr><tr><td style=\"white-space:nowrap\"><a name=\"http---cdr.com-hiv-regimen-codes-5f\"> </a>\u00a0\u00a0<a href=\"CodeSystem-dispense-codes-code-system.html#dispense-codes-code-system-5f\">5f</a></td><td>http://cdr.com/hiv-regimen-codes</td><td>AZT + 3TC + LPV/r</td></tr><tr><td style=\"white-space:nowrap\"><a name=\"http---cdr.com-hiv-regimen-codes-5g\"> </a>\u00a0\u00a0<a href=\"CodeSystem-dispense-codes-code-system.html#dispense-codes-code-system-5g\">5g</a></td><td>http://cdr.com/hiv-regimen-codes</td><td>TDF + 3TC + EFV</td></tr><tr><td style=\"white-space:nowrap\"><a name=\"http---cdr.com-hiv-regimen-codes-5h\"> </a>\u00a0\u00a0<a href=\"CodeSystem-dispense-codes-code-system.html#dispense-codes-code-system-5h\">5h</a></td><td>http://cdr.com/hiv-regimen-codes</td><td>ABC + 3TC + EFV</td></tr><tr><td style=\"white-space:nowrap\"><a name=\"http---cdr.com-hiv-regimen-codes-5i\"> </a>\u00a0\u00a0<a href=\"CodeSystem-dispense-codes-code-system.html#dispense-codes-code-system-5i\">5i</a></td><td>http://cdr.com/hiv-regimen-codes</td><td>TDF + 3TC + LPV/r</td></tr><tr><td style=\"white-space:nowrap\"><a name=\"http---cdr.com-hiv-regimen-codes-5j\"> </a>\u00a0\u00a0<a href=\"CodeSystem-dispense-codes-code-system.html#dispense-codes-code-system-5j\">5j</a></td><td>http://cdr.com/hiv-regimen-codes</td><td>other</td></tr><tr><td style=\"white-space:nowrap\"><a name=\"http---cdr.com-hiv-regimen-codes-5k\"> </a>\u00a0\u00a0<a href=\"CodeSystem-dispense-codes-code-system.html#dispense-codes-code-system-5k\">5k</a></td><td>http://cdr.com/hiv-regimen-codes</td><td>RAL + AZT + 3TC</td></tr><tr><td style=\"white-space:nowrap\"><a name=\"http---cdr.com-hiv-regimen-codes-5m\"> </a>\u00a0\u00a0<a href=\"CodeSystem-dispense-codes-code-system.html#dispense-codes-code-system-5m\">5m</a></td><td>http://cdr.com/hiv-regimen-codes</td><td>ABC + 3TC + DTG</td></tr><tr><td style=\"white-space:nowrap\"><a name=\"http---cdr.com-hiv-regimen-codes-5n\"> </a>\u00a0\u00a0<a href=\"CodeSystem-dispense-codes-code-system.html#dispense-codes-code-system-5n\">5n</a></td><td>http://cdr.com/hiv-regimen-codes</td><td>ABC + 3TC + LPV/r</td></tr><tr><td style=\"white-space:nowrap\"><a name=\"http---cdr.com-hiv-regimen-codes-6f\"> </a>\u00a0\u00a0<a href=\"CodeSystem-dispense-codes-code-system.html#dispense-codes-code-system-6f\">6f</a></td><td>http://cdr.com/hiv-regimen-codes</td><td>DRV/r + DTG + ABC + 3TC</td></tr><tr><td style=\"white-space:nowrap\"><a name=\"http---cdr.com-hiv-regimen-codes-other-adult-1\"> </a>\u00a0\u00a0<a href=\"CodeSystem-dispense-codes-code-system.html#dispense-codes-code-system-other-adult-1\">other-adult-1</a></td><td>http://cdr.com/hiv-regimen-codes</td><td>Other Adult first line regimen</td></tr><tr><td style=\"white-space:nowrap\"><a name=\"http---cdr.com-hiv-regimen-codes-other-adult-2\"> </a>\u00a0\u00a0<a href=\"CodeSystem-dispense-codes-code-system.html#dispense-codes-code-system-other-adult-2\">other-adult-2</a></td><td>http://cdr.com/hiv-regimen-codes</td><td>Other Adult second line regimen</td></tr><tr><td style=\"white-space:nowrap\"><a name=\"http---cdr.com-hiv-regimen-codes-other-adult-3\"> </a>\u00a0\u00a0<a href=\"CodeSystem-dispense-codes-code-system.html#dispense-codes-code-system-other-adult-3\">other-adult-3</a></td><td>http://cdr.com/hiv-regimen-codes</td><td>Other Adult third line regimen</td></tr><tr><td style=\"white-space:nowrap\"><a name=\"http---cdr.com-hiv-regimen-codes-other-children-1\"> </a>\u00a0\u00a0<a href=\"CodeSystem-dispense-codes-code-system.html#dispense-codes-code-system-other-children-1\">other-children-1</a></td><td>http://cdr.com/hiv-regimen-codes</td><td>Other Children first line regimen</td></tr><tr><td style=\"white-space:nowrap\"><a name=\"http---cdr.com-hiv-regimen-codes-other-children-2\"> </a>\u00a0\u00a0<a href=\"CodeSystem-dispense-codes-code-system.html#dispense-codes-code-system-other-children-2\">other-children-2</a></td><td>http://cdr.com/hiv-regimen-codes</td><td>Other Children second line regimen</td></tr><tr><td style=\"white-space:nowrap\"><a name=\"http---cdr.com-hiv-regimen-codes-other-children-3\"> </a>\u00a0\u00a0<a href=\"CodeSystem-dispense-codes-code-system.html#dispense-codes-code-system-other-children-3\">other-children-3</a></td><td>http://cdr.com/hiv-regimen-codes</td><td>Other Children third line regimen</td></tr><tr><td style=\"white-space:nowrap\"><a name=\"http---snomed.info-sct-874950001\"> </a>\u00a0\u00a0<a href=\"http://snomed.info/id/874950001\">874950001</a></td><td>http://snomed.info/sct</td><td>Product containing only efavirenz and lamivudine and tenofovir - TDF + 3TC + EFV</td></tr><tr><td style=\"white-space:nowrap\"><a name=\"http---snomed.info-sct-324859007\"> </a>\u00a0\u00a0<a href=\"http://snomed.info/id/324859007\">324859007</a></td><td>http://snomed.info/sct</td><td>Product containing lamivudine and zidovudine - AZT + 3TC + ATV/r - AZT + 3TC + LPV/r</td></tr><tr><td style=\"white-space:nowrap\"><a name=\"http---snomed.info-sct-776467001\"> </a>\u00a0\u00a0<a href=\"http://snomed.info/id/776467001\">776467001</a></td><td>http://snomed.info/sct</td><td>AZT + 3TC + NVP - Product containing only lamivudine and nevirapine and zidovudine</td></tr><tr><td style=\"white-space:nowrap\"><a name=\"http---snomed.info-sct-787163007\"> </a>\u00a0\u00a0<a href=\"http://snomed.info/id/787163007\">787163007</a></td><td>http://snomed.info/sct</td><td>DRV/r + DTG + TDF/3TC - Product containing dolutegravir and lamivudine</td></tr><tr><td style=\"white-space:nowrap\"><a name=\"http---snomed.info-sct-413381000\"> </a>\u00a0\u00a0<a href=\"http://snomed.info/id/413381000\">413381000</a></td><td>http://snomed.info/sct</td><td>Product containing abacavir and lamivudine - ABC + 3TC + LPV/r - ABC + 3TC + EFV - ABC + 3TC + NVP</td></tr></table></div>"
      },
      "url" : "http://openhie.org/fhir/custom-fhir-ig/ValueSet/dispense-codes-value-set",
      "version" : "1.0.0",
      "name" : "DispenseCodesValueSet",
      "title" : "ARV Drugs Dispense Codes Value Set",
      "status" : "active",
      "experimental" : false,
      "date" : "2023-12-11T09:01:08+00:00",
      "jurisdiction" : [{
        "coding" : [{
          "system" : "http://unstats.un.org/unsd/methods/m49/m49.htm",
          "code" : "001",
          "display" : "World"
        }]
      }],
      "expansion" : {
        "identifier" : "urn:uuid:ba7a3ded-7401-4d72-986b-dc3eecd416aa",
        "timestamp" : "2023-12-11T09:01:29+00:00",
        "total" : 61,
        "parameter" : [{
          "name" : "excludeNested",
          "valueBoolean" : false
        },
        {
          "name" : "used-codesystem",
          "valueUri" : "http://cdr.com/hiv-regimen-codes|1.0.0"
        },
        {
          "name" : "used-valueset",
          "valueUri" : "null"
        },
        {
          "name" : "limitedExpansion",
          "valueBoolean" : true
        },
        {
          "name" : "excludeNested",
          "valueBoolean" : true
        },
        {
          "name" : "used-codesystem",
          "valueUri" : "http://snomed.info/sct|http://snomed.info/sct/900000000000207008/version/20230901"
        },
        {
          "name" : "version",
          "valueUri" : "http://snomed.info/sct|http://snomed.info/sct/900000000000207008/version/20230901"
        }],
        "contains" : [{
          "system" : "http://cdr.com/hiv-regimen-codes",
          "code" : "1a",
          "display" : "1a"
        },
        {
          "system" : "http://cdr.com/hiv-regimen-codes",
          "code" : "1b",
          "display" : "1b"
        },
        {
          "system" : "http://cdr.com/hiv-regimen-codes",
          "code" : "1c",
          "display" : "AZT + 3TC + NVP - Product containing only lamivudine and nevirapine and zidovudine"
        },
        {
          "system" : "http://cdr.com/hiv-regimen-codes",
          "code" : "1d",
          "display" : "AZT + 3TC + EFV"
        },
        {
          "system" : "http://cdr.com/hiv-regimen-codes",
          "code" : "1e",
          "display" : "Product containing only efavirenz and lamivudine and tenofovir - TDF + 3TC + EFV"
        },
        {
          "system" : "http://cdr.com/hiv-regimen-codes",
          "code" : "1f",
          "display" : "TDF + 3TC + NVP"
        },
        {
          "system" : "http://cdr.com/hiv-regimen-codes",
          "code" : "1g",
          "display" : "ABC + 3TC + EFV - Product containing abacavir and lamivudine"
        },
        {
          "system" : "http://cdr.com/hiv-regimen-codes",
          "code" : "1h",
          "display" : "ABC + 3TC + NVP - Product containing abacavir and lamivudine"
        },
        {
          "system" : "http://cdr.com/hiv-regimen-codes",
          "code" : "1j",
          "display" : "TDF + 3TC + DTG"
        },
        {
          "system" : "http://cdr.com/hiv-regimen-codes",
          "code" : "1k",
          "display" : "AZT + 3TC + DTG"
        },
        {
          "system" : "http://cdr.com/hiv-regimen-codes",
          "code" : "1a-30",
          "display" : "1a-30"
        },
        {
          "system" : "http://cdr.com/hiv-regimen-codes",
          "code" : "1a-40",
          "display" : "1a-40"
        },
        {
          "system" : "http://cdr.com/hiv-regimen-codes",
          "code" : "1b-30",
          "display" : "1b-30"
        },
        {
          "system" : "http://cdr.com/hiv-regimen-codes",
          "code" : "1b-40",
          "display" : "1b-40"
        },
        {
          "system" : "http://cdr.com/hiv-regimen-codes",
          "code" : "2a",
          "display" : "2a"
        },
        {
          "system" : "http://cdr.com/hiv-regimen-codes",
          "code" : "2b",
          "display" : "2b"
        },
        {
          "system" : "http://cdr.com/hiv-regimen-codes",
          "code" : "2c",
          "display" : "2c"
        },
        {
          "system" : "http://cdr.com/hiv-regimen-codes",
          "code" : "2d",
          "display" : "2d"
        },
        {
          "system" : "http://cdr.com/hiv-regimen-codes",
          "code" : "2e",
          "display" : "AZT + 3TC + LPV/r - Product containing lamivudine and zidovudine"
        },
        {
          "system" : "http://cdr.com/hiv-regimen-codes",
          "code" : "2f",
          "display" : "AZT + 3TC + ATV/r - Product containing lamivudine and zidovudine"
        },
        {
          "system" : "http://cdr.com/hiv-regimen-codes",
          "code" : "2g",
          "display" : "TDF + 3TC+ LPV/r"
        },
        {
          "system" : "http://cdr.com/hiv-regimen-codes",
          "code" : "2h",
          "display" : "TDF + 3TC + ATV/r"
        },
        {
          "system" : "http://cdr.com/hiv-regimen-codes",
          "code" : "2i",
          "display" : "ABC + 3TC + LPV/r - Product containing abacavir and lamivudine"
        },
        {
          "system" : "http://cdr.com/hiv-regimen-codes",
          "code" : "3a",
          "display" : "DRV/r + DTG + AZT/3TC"
        },
        {
          "system" : "http://cdr.com/hiv-regimen-codes",
          "code" : "3b",
          "display" : "DRV/r + DTG + TDF/3TC - Product containing dolutegravir and lamivudine"
        },
        {
          "system" : "http://cdr.com/hiv-regimen-codes",
          "code" : "3d",
          "display" : "DRV/r + ABC + EFV + 3TC"
        },
        {
          "system" : "http://cdr.com/hiv-regimen-codes",
          "code" : "4a",
          "display" : "4a"
        },
        {
          "system" : "http://cdr.com/hiv-regimen-codes",
          "code" : "4b",
          "display" : "4b"
        },
        {
          "system" : "http://cdr.com/hiv-regimen-codes",
          "code" : "4c",
          "display" : "AZT + 3TC + NVP"
        },
        {
          "system" : "http://cdr.com/hiv-regimen-codes",
          "code" : "4d",
          "display" : "AZT + 3TC + EFV"
        },
        {
          "system" : "http://cdr.com/hiv-regimen-codes",
          "code" : "4e",
          "display" : "TDF + 3TC + EFV"
        },
        {
          "system" : "http://cdr.com/hiv-regimen-codes",
          "code" : "4f",
          "display" : "AZT + 3TC + LPV/r"
        },
        {
          "system" : "http://cdr.com/hiv-regimen-codes",
          "code" : "4g",
          "display" : "ABC + 3TC + LPV/r"
        },
        {
          "system" : "http://cdr.com/hiv-regimen-codes",
          "code" : "4j",
          "display" : "ABC + 3TC + DTG"
        },
        {
          "system" : "http://cdr.com/hiv-regimen-codes",
          "code" : "4i",
          "display" : "TDF + 3TC + DTG"
        },
        {
          "system" : "http://cdr.com/hiv-regimen-codes",
          "code" : "4k",
          "display" : "AZT + 3TC + DTG"
        },
        {
          "system" : "http://cdr.com/hiv-regimen-codes",
          "code" : "5a",
          "display" : "5a"
        },
        {
          "system" : "http://cdr.com/hiv-regimen-codes",
          "code" : "5b",
          "display" : "5b"
        },
        {
          "system" : "http://cdr.com/hiv-regimen-codes",
          "code" : "5c",
          "display" : "5c"
        },
        {
          "system" : "http://cdr.com/hiv-regimen-codes",
          "code" : "5d",
          "display" : "5d"
        },
        {
          "system" : "http://cdr.com/hiv-regimen-codes",
          "code" : "5e",
          "display" : "ABC + 3TC + LPV/r"
        },
        {
          "system" : "http://cdr.com/hiv-regimen-codes",
          "code" : "5f",
          "display" : "AZT + 3TC + LPV/r"
        },
        {
          "system" : "http://cdr.com/hiv-regimen-codes",
          "code" : "5g",
          "display" : "TDF + 3TC + EFV"
        },
        {
          "system" : "http://cdr.com/hiv-regimen-codes",
          "code" : "5h",
          "display" : "ABC + 3TC + EFV"
        },
        {
          "system" : "http://cdr.com/hiv-regimen-codes",
          "code" : "5i",
          "display" : "TDF + 3TC + LPV/r"
        },
        {
          "system" : "http://cdr.com/hiv-regimen-codes",
          "code" : "5j",
          "display" : "other"
        },
        {
          "system" : "http://cdr.com/hiv-regimen-codes",
          "code" : "5k",
          "display" : "RAL + AZT + 3TC"
        },
        {
          "system" : "http://cdr.com/hiv-regimen-codes",
          "code" : "5m",
          "display" : "ABC + 3TC + DTG"
        },
        {
          "system" : "http://cdr.com/hiv-regimen-codes",
          "code" : "5n",
          "display" : "ABC + 3TC + LPV/r"
        },
        {
          "system" : "http://cdr.com/hiv-regimen-codes",
          "code" : "6f",
          "display" : "DRV/r + DTG + ABC + 3TC"
        },
        {
          "system" : "http://cdr.com/hiv-regimen-codes",
          "code" : "other-adult-1",
          "display" : "Other Adult first line regimen"
        },
        {
          "system" : "http://cdr.com/hiv-regimen-codes",
          "code" : "other-adult-2",
          "display" : "Other Adult second line regimen"
        },
        {
          "system" : "http://cdr.com/hiv-regimen-codes",
          "code" : "other-adult-3",
          "display" : "Other Adult third line regimen"
        },
        {
          "system" : "http://cdr.com/hiv-regimen-codes",
          "code" : "other-children-1",
          "display" : "Other Children first line regimen"
        },
        {
          "system" : "http://cdr.com/hiv-regimen-codes",
          "code" : "other-children-2",
          "display" : "Other Children second line regimen"
        },
        {
          "system" : "http://cdr.com/hiv-regimen-codes",
          "code" : "other-children-3",
          "display" : "Other Children third line regimen"
        },
        {
          "system" : "http://snomed.info/sct",
          "code" : "874950001",
          "display" : "Product containing only efavirenz and lamivudine and tenofovir - TDF + 3TC + EFV"
        },
        {
          "system" : "http://snomed.info/sct",
          "code" : "324859007",
          "display" : "Product containing lamivudine and zidovudine - AZT + 3TC + ATV/r - AZT + 3TC + LPV/r"
        },
        {
          "system" : "http://snomed.info/sct",
          "code" : "776467001",
          "display" : "AZT + 3TC + NVP - Product containing only lamivudine and nevirapine and zidovudine"
        },
        {
          "system" : "http://snomed.info/sct",
          "code" : "787163007",
          "display" : "DRV/r + DTG + TDF/3TC - Product containing dolutegravir and lamivudine"
        },
        {
          "system" : "http://snomed.info/sct",
          "code" : "413381000",
          "display" : "Product containing abacavir and lamivudine - ABC + 3TC + LPV/r - ABC + 3TC + EFV - ABC + 3TC + NVP"
        }]
      }
    }
  },
  {
    "fullUrl" : "http://openhie.org/fhir/custom-fhir-ig/ValueSet/followup-status-value-set",
    "resource" : {
      "resourceType" : "ValueSet",
      "text" : {
        "status" : "generated",
        "div" : "<div xmlns=\"http://www.w3.org/1999/xhtml\"><p style=\"border: black 1px dotted; background-color: #EEEEEE; padding: 8px; margin-bottom: 8px\">Expansion based on <a href=\"CodeSystem-followup-status-code-system.html\">codesystem Follow Up Status Code System v1.0.0 (CodeSystem)</a></p><p>This value set contains 7 concepts</p><table class=\"codes\"><tr><td style=\"white-space:nowrap\"><b>Code</b></td><td><b>System</b></td><td><b>Display</b></td></tr><tr><td style=\"white-space:nowrap\"><a name=\"http---cdr.com-medication-dispense-status-reason-alive-on-art\"> </a>\u00a0\u00a0<a href=\"CodeSystem-followup-status-code-system.html#followup-status-code-system-alive-on-art\">alive-on-art</a></td><td>http://cdr.com/medication-dispense/status-reason</td><td>Alive on ART</td></tr><tr><td style=\"white-space:nowrap\"><a name=\"http---cdr.com-medication-dispense-status-reason-to\"> </a>\u00a0\u00a0<a href=\"CodeSystem-followup-status-code-system.html#followup-status-code-system-to\">to</a></td><td>http://cdr.com/medication-dispense/status-reason</td><td>TO</td></tr><tr><td style=\"white-space:nowrap\"><a name=\"http---cdr.com-medication-dispense-status-reason-dead\"> </a>\u00a0\u00a0<a href=\"CodeSystem-followup-status-code-system.html#followup-status-code-system-dead\">dead</a></td><td>http://cdr.com/medication-dispense/status-reason</td><td>Dead</td></tr><tr><td style=\"white-space:nowrap\"><a name=\"http---cdr.com-medication-dispense-status-reason-drop\"> </a>\u00a0\u00a0<a href=\"CodeSystem-followup-status-code-system.html#followup-status-code-system-drop\">drop</a></td><td>http://cdr.com/medication-dispense/status-reason</td><td>Drop</td></tr><tr><td style=\"white-space:nowrap\"><a name=\"http---cdr.com-medication-dispense-status-reason-restart\"> </a>\u00a0\u00a0<a href=\"CodeSystem-followup-status-code-system.html#followup-status-code-system-restart\">restart</a></td><td>http://cdr.com/medication-dispense/status-reason</td><td>Restart</td></tr><tr><td style=\"white-space:nowrap\"><a name=\"http---cdr.com-medication-dispense-status-reason-lost\"> </a>\u00a0\u00a0<a href=\"CodeSystem-followup-status-code-system.html#followup-status-code-system-lost\">lost</a></td><td>http://cdr.com/medication-dispense/status-reason</td><td>Lost</td></tr><tr><td style=\"white-space:nowrap\"><a name=\"http---cdr.com-medication-dispense-status-reason-stop\"> </a>\u00a0\u00a0<a href=\"CodeSystem-followup-status-code-system.html#followup-status-code-system-stop\">stop</a></td><td>http://cdr.com/medication-dispense/status-reason</td><td>Stop</td></tr></table></div>"
      },
      "url" : "http://openhie.org/fhir/custom-fhir-ig/ValueSet/followup-status-value-set",
      "version" : "1.0.0",
      "name" : "FollowUpStatusValueSet",
      "title" : "Follow Up Status Value Set",
      "status" : "active",
      "experimental" : false,
      "date" : "2023-12-11T09:01:08+00:00",
      "jurisdiction" : [{
        "coding" : [{
          "system" : "http://unstats.un.org/unsd/methods/m49/m49.htm",
          "code" : "001",
          "display" : "World"
        }]
      }],
      "expansion" : {
        "identifier" : "urn:uuid:acbcc1f6-5482-4e79-a21b-a116f8891f1c",
        "timestamp" : "2023-12-11T09:01:29+00:00",
        "total" : 7,
        "parameter" : [{
          "name" : "excludeNested",
          "valueBoolean" : false
        },
        {
          "name" : "used-codesystem",
          "valueUri" : "http://cdr.com/medication-dispense/status-reason|1.0.0"
        }],
        "contains" : [{
          "system" : "http://cdr.com/medication-dispense/status-reason",
          "code" : "alive-on-art",
          "display" : "Alive on ART"
        },
        {
          "system" : "http://cdr.com/medication-dispense/status-reason",
          "code" : "to",
          "display" : "TO"
        },
        {
          "system" : "http://cdr.com/medication-dispense/status-reason",
          "code" : "dead",
          "display" : "Dead"
        },
        {
          "system" : "http://cdr.com/medication-dispense/status-reason",
          "code" : "drop",
          "display" : "Drop"
        },
        {
          "system" : "http://cdr.com/medication-dispense/status-reason",
          "code" : "restart",
          "display" : "Restart"
        },
        {
          "system" : "http://cdr.com/medication-dispense/status-reason",
          "code" : "lost",
          "display" : "Lost"
        },
        {
          "system" : "http://cdr.com/medication-dispense/status-reason",
          "code" : "stop",
          "display" : "Stop"
        }]
      }
    }
  }]
}