{
  "resourceType" : "ValueSet",
  "id" : "client-key-population-values",
  "text" : {
    "status" : "generated",
    "div" : "<div xmlns=\"http://www.w3.org/1999/xhtml\"><ul><li>Include these codes as defined in <a href=\"http://www.snomed.org/\"><code>http://snomed.info/sct</code></a><table class=\"none\"><tr><td style=\"white-space:nowrap\"><b>Code</b></td><td><b>Display</b></td></tr><tr><td><a href=\"http://snomed.info/id/472986005\">472986005</a></td><td>Sexually active with men</td></tr><tr><td><a href=\"http://snomed.info/id/159799000\">159799000</a></td><td>Female prostitute</td></tr><tr><td><a href=\"http://snomed.info/id/159800001\">159800001</a></td><td>Male prostitute</td></tr><tr><td><a href=\"http://snomed.info/id/228388006\">228388006</a></td><td>Intravenous drug user</td></tr><tr><td><a href=\"http://snomed.info/id/417284009\">417284009</a></td><td>Current drug user</td></tr><tr><td><a href=\"http://snomed.info/id/407375002\">407375002</a></td><td>Surgically transgendered transsexual</td></tr></table></li></ul></div>"
  },
  "url" : "http://openhie.org/fhir/custom-fhir-ig/ValueSet/client-key-population-values",
  "version" : "1.0.0",
  "name" : "ClientKeyPopulationValues",
  "title" : "Client Key Population Values",
  "status" : "active",
  "experimental" : false,
  "date" : "2023-12-07T09:49:53+00:00",
  "publisher" : "Jembi Health Systems",
  "contact" : [{
    "name" : "Jembi Health Systems",
    "telecom" : [{
      "system" : "url",
      "value" : "https://www.jembi.org"
    },
    {
      "system" : "email",
      "value" : "info.jembi.org"
    }]
  },
  {
    "name" : "Nour Borgi",
    "telecom" : [{
      "system" : "email",
      "value" : "nour@symbionix.co",
      "use" : "work"
    }]
  }],
  "description" : "Client Key Population Value Set",
  "jurisdiction" : [{
    "coding" : [{
      "system" : "http://unstats.un.org/unsd/methods/m49/m49.htm",
      "code" : "001",
      "display" : "World"
    }]
  }],
  "compose" : {
    "include" : [{
      "system" : "http://snomed.info/sct",
      "concept" : [{
        "code" : "472986005",
        "display" : "Sexually active with men"
      },
      {
        "code" : "159799000",
        "display" : "Female prostitute"
      },
      {
        "code" : "159800001",
        "display" : "Male prostitute"
      },
      {
        "code" : "228388006",
        "display" : "Intravenous drug user"
      },
      {
        "code" : "417284009",
        "display" : "Current drug user"
      },
      {
        "code" : "407375002",
        "display" : "Surgically transgendered transsexual"
      }]
    }]
  }
}