{
  "resourceType" : "Bundle",
  "id" : "ExampleBundle",
  "type" : "transaction",
  "entry" : [{
    "fullUrl" : "http://openhie.org/fhir/custom-fhir-ig/Patient/PatientExample",
    "resource" : {
      "resourceType" : "Patient",
      "id" : "PatientExample",
      "meta" : {
        "profile" : ["http://openhie.org/fhir/custom-fhir-ig/StructureDefinition/hiv-patient"]
      },
      "text" : {
        "status" : "extensions",
        "div" : "<div xmlns=\"http://www.w3.org/1999/xhtml\"><p><b>Generated Narrative: Patient</b><a name=\"PatientExample\"> </a></p><div style=\"display: inline-block; background-color: #d9e0e7; padding: 6px; margin: 4px; border: 1px solid #8da1b4; border-radius: 5px; line-height: 60%\"><p style=\"margin-bottom: 0px\">Resource Patient &quot;PatientExample&quot; </p><p style=\"margin-bottom: 0px\">Profile: <a href=\"StructureDefinition-hiv-patient.html\">hiv-patient</a></p></div><p><b>ClientKeyPopulationExtension</b>: Current drug user <span style=\"background: LightGoldenRodYellow; margin: 4px; border: 1px solid khaki\"> (<a href=\"https://browser.ihtsdotools.org/\">SNOMED CT</a>#417284009)</span></p><p><b>identifier</b>: Patient folder Number:\u00a0MR001, id:\u00a0NID001</p><p><b>name</b>: Holland Michael Smith </p><p><b>telecom</b>: ph: 555-555-5555(HOME), <a href=\"mailto:john.anyperson@example.com\">john.anyperson@example.com</a></p><p><b>gender</b>: male</p><p><b>birthDate</b>: 2022-07-07</p><p><b>address</b>: 123 Main St Anytown State 12345 US </p><p><b>maritalStatus</b>: A current marriage contract is active <span style=\"background: LightGoldenRodYellow; margin: 4px; border: 1px solid khaki\"> (<a href=\"http://terminology.hl7.org/5.3.0/CodeSystem-v3-MaritalStatus.html\">MaritalStatus</a>#M &quot;Married&quot;)</span></p><p><b>managingOrganization</b>: <a href=\"Organization-OrganizationExample.html\">Organization/OrganizationExample</a> &quot;Facility&quot;</p></div>"
      },
      "extension" : [{
        "url" : "http://openhie.org/fhir/custom-fhir-ig/StructureDefinition/client-key-population-extension",
        "valueCodeableConcept" : {
          "coding" : [{
            "system" : "http://snomed.info/sct",
            "code" : "417284009",
            "display" : "Current drug user"
          }],
          "text" : "Current drug user"
        }
      }],
      "identifier" : [{
        "type" : {
          "coding" : [{
            "system" : "http://terminology.hl7.org/CodeSystem/v2-0203",
            "code" : "MR",
            "display" : "Medical Record Number"
          }],
          "text" : "Patient folder Number"
        },
        "system" : "http://openhie.org/fhir/training-solution-1/identifier/mr",
        "value" : "MR001"
      },
      {
        "system" : "http://openhie.org/fhir/training-solution-1/identifier/nid",
        "value" : "NID001"
      }],
      "name" : [{
        "family" : "Smith",
        "given" : ["Holland",
        "Michael"]
      }],
      "telecom" : [{
        "system" : "phone",
        "value" : "555-555-5555",
        "use" : "home"
      },
      {
        "system" : "email",
        "value" : "john.anyperson@example.com"
      }],
      "gender" : "male",
      "birthDate" : "2022-07-07",
      "address" : [{
        "line" : ["123 Main St"],
        "city" : "Anytown",
        "district" : "District",
        "state" : "State",
        "postalCode" : "12345",
        "country" : "US"
      }],
      "maritalStatus" : {
        "coding" : [{
          "system" : "http://terminology.hl7.org/CodeSystem/v3-MaritalStatus",
          "code" : "M",
          "display" : "Married"
        }],
        "text" : "A current marriage contract is active"
      },
      "managingOrganization" : {
        "reference" : "Organization/OrganizationExample"
      }
    },
    "request" : {
      "method" : "PUT",
      "url" : "Patient/PatientExample"
    }
  }]
}