<?xml version="1.0" encoding="UTF-8"?>

<Bundle xmlns="http://hl7.org/fhir">
  <id value="8bf263fd-32d9-4c91-9160-3408ff175d07"/>
  <meta>
    <lastUpdated value="2023-12-06T10:47:15.790+00:00"/>
  </meta>
  <type value="collection"/>
  <entry>
    <fullUrl value="http://openhie.org/fhir/custom-fhir-ig/ValueSet/client-key-population-values"/>
    <resource>
      <ValueSet>
        <text>
          <status value="generated"/>
          <div xmlns="http://www.w3.org/1999/xhtml">
            <div style="border: black 1px dotted; background-color: #EEEEEE; padding: 8px; margin-bottom: 8px">
              <p>Expansion based on: </p>
              <ul>
                <li>SNOMED CT International edition 01-Sep 2023</li>
                <li>SNOMED CT International edition 01-Sep 2023</li>
              </ul>
            </div>
            <p>This value set contains 6 concepts</p>
            <table class="codes">
              <tr>
                <td style="white-space:nowrap">
                  <b>Code</b>
                </td>
                <td>
                  <b>System</b>
                </td>
                <td>
                  <b>Display</b>
                </td>
              </tr>
              <tr>
                <td style="white-space:nowrap">
                  <a name="http---snomed.info-sct-472986005"> </a>  
                  <a href="http://snomed.info/id/472986005">472986005</a>
                </td>
                <td>http://snomed.info/sct</td>
                <td>Sexually active with men</td>
              </tr>
              <tr>
                <td style="white-space:nowrap">
                  <a name="http---snomed.info-sct-159799000"> </a>  
                  <a href="http://snomed.info/id/159799000">159799000</a>
                </td>
                <td>http://snomed.info/sct</td>
                <td>Female prostitute</td>
              </tr>
              <tr>
                <td style="white-space:nowrap">
                  <a name="http---snomed.info-sct-159800001"> </a>  
                  <a href="http://snomed.info/id/159800001">159800001</a>
                </td>
                <td>http://snomed.info/sct</td>
                <td>Male prostitute</td>
              </tr>
              <tr>
                <td style="white-space:nowrap">
                  <a name="http---snomed.info-sct-228388006"> </a>  
                  <a href="http://snomed.info/id/228388006">228388006</a>
                </td>
                <td>http://snomed.info/sct</td>
                <td>Intravenous drug user</td>
              </tr>
              <tr>
                <td style="white-space:nowrap">
                  <a name="http---snomed.info-sct-417284009"> </a>  
                  <a href="http://snomed.info/id/417284009">417284009</a>
                </td>
                <td>http://snomed.info/sct</td>
                <td>Current drug user</td>
              </tr>
              <tr>
                <td style="white-space:nowrap">
                  <a name="http---snomed.info-sct-407375002"> </a>  
                  <a href="http://snomed.info/id/407375002">407375002</a>
                </td>
                <td>http://snomed.info/sct</td>
                <td>Surgically transgendered transsexual</td>
              </tr>
            </table>
          </div>
        </text>
        <url value="http://openhie.org/fhir/custom-fhir-ig/ValueSet/client-key-population-values"/>
        <version value="1.0.0"/>
        <name value="ClientKeyPopulationValues"/>
        <title value="Client Key Population Values"/>
        <status value="active"/>
        <experimental value="false"/>
        <date value="2023-12-06T10:47:15+00:00"/>
        <jurisdiction>
          <coding>
            <system value="http://unstats.un.org/unsd/methods/m49/m49.htm"/>
            <code value="001"/>
            <display value="World"/>
          </coding>
        </jurisdiction>
        <expansion>
          <identifier value="urn:uuid:5d2e44e4-3988-452c-bdc9-6f3eb44297fa"/>
          <timestamp value="2023-12-06T10:47:31+00:00"/>
          <total value="6"/>
          <parameter>
            <name value="excludeNested"/>
            <valueBoolean value="false"/>
          </parameter>
          <parameter>
            <name value="used-valueset"/>
            <valueUri value="null"/>
          </parameter>
          <parameter>
            <name value="limitedExpansion"/>
            <valueBoolean value="true"/>
          </parameter>
          <parameter>
            <name value="used-codesystem"/>
            <valueUri value="http://snomed.info/sct|http://snomed.info/sct/900000000000207008/version/20230901"/>
          </parameter>
          <parameter>
            <name value="version"/>
            <valueUri value="http://snomed.info/sct|http://snomed.info/sct/900000000000207008/version/20230901"/>
          </parameter>
          <contains>
            <system value="http://snomed.info/sct"/>
            <code value="472986005"/>
            <display value="Sexually active with men"/>
          </contains>
          <contains>
            <system value="http://snomed.info/sct"/>
            <code value="159799000"/>
            <display value="Female prostitute"/>
          </contains>
          <contains>
            <system value="http://snomed.info/sct"/>
            <code value="159800001"/>
            <display value="Male prostitute"/>
          </contains>
          <contains>
            <system value="http://snomed.info/sct"/>
            <code value="228388006"/>
            <display value="Intravenous drug user"/>
          </contains>
          <contains>
            <system value="http://snomed.info/sct"/>
            <code value="417284009"/>
            <display value="Current drug user"/>
          </contains>
          <contains>
            <system value="http://snomed.info/sct"/>
            <code value="407375002"/>
            <display value="Surgically transgendered transsexual"/>
          </contains>
        </expansion>
      </ValueSet>
    </resource>
  </entry>
</Bundle>