{
  "resourceType" : "MedicationDispense",
  "id" : "EthMedicationDispenseExample",
  "meta" : {
    "profile" : ["http://openhie.org/fhir/custom-fhir-ig/StructureDefinition/eth-medication-dispense"]
  },
  "text" : {
    "status" : "extensions",
    "div" : "<div xmlns=\"http://www.w3.org/1999/xhtml\"><p><b>Generated Narrative: MedicationDispense</b><a name=\"EthMedicationDispenseExample\"> </a></p><div style=\"display: inline-block; background-color: #d9e0e7; padding: 6px; margin: 4px; border: 1px solid #8da1b4; border-radius: 5px; line-height: 60%\"><p style=\"margin-bottom: 0px\">Resource MedicationDispense &quot;EthMedicationDispenseExample&quot; </p><p style=\"margin-bottom: 0px\">Profile: <a href=\"StructureDefinition-eth-medication-dispense.html\">Medication Dispense Profile</a></p></div><p><b>Medication Dispense Dose End Date Extension</b>: 2024-04-03</p><p><b>status</b>: completed</p><p><b>statusReason</b>: Alive On ART <span style=\"background: LightGoldenRodYellow; margin: 4px; border: 1px solid khaki\"> (<a href=\"CodeSystem-followup-status-code-system.html\">Follow Up Status Code System</a>#alive-on-art)</span></p><p><b>medication</b>: 1j (TDF+3TC+DTG) <span style=\"background: LightGoldenRodYellow; margin: 4px; border: 1px solid khaki\"> (<a href=\"CodeSystem-dispense-codes-code-system.html\">ARV Drugs Dispense Codes Code System</a>#1j &quot;TDF + 3TC + DTG&quot;)</span></p><p><b>subject</b>: <a href=\"EthPatientExample\">EthPatientExample</a></p><p><b>context</b>: <a href=\"Encounter-EthEncounterExample.html\">Encounter/EthEncounterExample</a></p><p><b>quantity</b>: 90 Tablet<span style=\"background: LightGoldenRodYellow\"> (Details: UCUM code Tablet = 'Tablet')</span></p><p><b>daysSupply</b>: 90 days<span style=\"background: LightGoldenRodYellow\"> (Details: UCUM code days = 'days')</span></p></div>"
  },
  "extension" : [{
    "url" : "http://cdr.com/dose-end-date",
    "valueDateTime" : "2024-04-03"
  }],
  "status" : "completed",
  "statusReasonCodeableConcept" : {
    "coding" : [{
      "system" : "http://cdr.com/medication-dispense/status-reason",
      "code" : "alive-on-art"
    }],
    "text" : "Alive On ART"
  },
  "medicationCodeableConcept" : {
    "coding" : [{
      "system" : "http://cdr.com/hiv-regimen-codes",
      "code" : "1j",
      "display" : "TDF + 3TC + DTG"
    }],
    "text" : "1j (TDF+3TC+DTG)"
  },
  "subject" : {
    "reference" : "EthPatientExample"
  },
  "context" : {
    "reference" : "Encounter/EthEncounterExample"
  },
  "quantity" : {
    "value" : 90,
    "unit" : "Tablet",
    "system" : "http://unitsofmeasure.org",
    "code" : "Tablet"
  },
  "daysSupply" : {
    "value" : 90,
    "unit" : "days",
    "system" : "http://unitsofmeasure.org",
    "code" : "days"
  }
}