<?xml version="1.0" encoding="UTF-8"?><ValueSet xmlns="http://hl7.org/fhir"><id value="followup-status-value-set"/><text><status value="generated"/><div xmlns="http://www.w3.org/1999/xhtml"><ul><li>Include all codes defined in <a href="CodeSystem-followup-status-code-system.html"><code>http://cdr.com/medication-dispense/status-reason</code></a></li></ul></div></text><url value="http://openhie.org/fhir/custom-fhir-ig/ValueSet/followup-status-value-set"/><version value="1.0.0"/><name value="FollowUpStatusValueSet"/><title value="Follow Up Status Value Set"/><status value="active"/><experimental value="false"/><date value="2023-12-11T09:01:08+00:00"/><publisher value="Jembi Health Systems"/><contact><name value="Jembi Health Systems"/><telecom><system value="url"/><value value="https://www.jembi.org"/></telecom><telecom><system value="email"/><value value="info.jembi.org"/></telecom></contact><contact><name value="Nour Borgi"/><telecom><system value="email"/><value value="nour@symbionix.co"/><use value="work"/></telecom></contact><description value="FollowUp Status Value Set"/><jurisdiction><coding><system value="http://unstats.un.org/unsd/methods/m49/m49.htm"/><code value="001"/><display value="World"/></coding></jurisdiction><compose><include><system value="http://cdr.com/medication-dispense/status-reason"/></include></compose></ValueSet>