<?xml version="1.0" encoding="UTF-8"?><CodeSystem xmlns="http://hl7.org/fhir"><id value="dispense-codes-code-system"/><text><status value="generated"/><div xmlns="http://www.w3.org/1999/xhtml"><p>This case-sensitive code system <code>http://cdr.com/hiv-regimen-codes</code> defines the following codes:</p><table class="codes"><tr><td style="white-space:nowrap"><b>Code</b></td><td><b>Display</b></td></tr><tr><td style="white-space:nowrap">1a<a name="dispense-codes-code-system-1a"> </a></td><td>1a</td></tr><tr><td style="white-space:nowrap">1b<a name="dispense-codes-code-system-1b"> </a></td><td>1b</td></tr><tr><td style="white-space:nowrap">1c<a name="dispense-codes-code-system-1c"> </a></td><td>AZT + 3TC + NVP - Product containing only lamivudine and nevirapine and zidovudine</td></tr><tr><td style="white-space:nowrap">1d<a name="dispense-codes-code-system-1d"> </a></td><td>AZT + 3TC + EFV</td></tr><tr><td style="white-space:nowrap">1e<a name="dispense-codes-code-system-1e"> </a></td><td>Product containing only efavirenz and lamivudine and tenofovir - TDF + 3TC + EFV</td></tr><tr><td style="white-space:nowrap">1f<a name="dispense-codes-code-system-1f"> </a></td><td>TDF + 3TC + NVP</td></tr><tr><td style="white-space:nowrap">1g<a name="dispense-codes-code-system-1g"> </a></td><td>ABC + 3TC + EFV - Product containing abacavir and lamivudine</td></tr><tr><td style="white-space:nowrap">1h<a name="dispense-codes-code-system-1h"> </a></td><td>ABC + 3TC + NVP - Product containing abacavir and lamivudine</td></tr><tr><td style="white-space:nowrap">1j<a name="dispense-codes-code-system-1j"> </a></td><td>TDF + 3TC + DTG</td></tr><tr><td style="white-space:nowrap">1k<a name="dispense-codes-code-system-1k"> </a></td><td>AZT + 3TC + DTG</td></tr><tr><td style="white-space:nowrap">1a-30<a name="dispense-codes-code-system-1a-30"> </a></td><td>1a-30</td></tr><tr><td style="white-space:nowrap">1a-40<a name="dispense-codes-code-system-1a-40"> </a></td><td>1a-40</td></tr><tr><td style="white-space:nowrap">1b-30<a name="dispense-codes-code-system-1b-30"> </a></td><td>1b-30</td></tr><tr><td style="white-space:nowrap">1b-40<a name="dispense-codes-code-system-1b-40"> </a></td><td>1b-40</td></tr><tr><td style="white-space:nowrap">2a<a name="dispense-codes-code-system-2a"> </a></td><td>2a</td></tr><tr><td style="white-space:nowrap">2b<a name="dispense-codes-code-system-2b"> </a></td><td>2b</td></tr><tr><td style="white-space:nowrap">2c<a name="dispense-codes-code-system-2c"> </a></td><td>2c</td></tr><tr><td style="white-space:nowrap">2d<a name="dispense-codes-code-system-2d"> </a></td><td>2d</td></tr><tr><td style="white-space:nowrap">2e<a name="dispense-codes-code-system-2e"> </a></td><td>AZT + 3TC + LPV/r - Product containing lamivudine and zidovudine</td></tr><tr><td style="white-space:nowrap">2f<a name="dispense-codes-code-system-2f"> </a></td><td>AZT + 3TC + ATV/r - Product containing lamivudine and zidovudine</td></tr><tr><td style="white-space:nowrap">2g<a name="dispense-codes-code-system-2g"> </a></td><td>TDF + 3TC+ LPV/r</td></tr><tr><td style="white-space:nowrap">2h<a name="dispense-codes-code-system-2h"> </a></td><td>TDF + 3TC + ATV/r</td></tr><tr><td style="white-space:nowrap">2i<a name="dispense-codes-code-system-2i"> </a></td><td>ABC + 3TC + LPV/r - Product containing abacavir and lamivudine</td></tr><tr><td style="white-space:nowrap">3a<a name="dispense-codes-code-system-3a"> </a></td><td>DRV/r + DTG + AZT/3TC</td></tr><tr><td style="white-space:nowrap">3b<a name="dispense-codes-code-system-3b"> </a></td><td>DRV/r + DTG + TDF/3TC - Product containing dolutegravir and lamivudine</td></tr><tr><td style="white-space:nowrap">3d<a name="dispense-codes-code-system-3d"> </a></td><td>DRV/r + ABC + EFV + 3TC</td></tr><tr><td style="white-space:nowrap">4a<a name="dispense-codes-code-system-4a"> </a></td><td>4a</td></tr><tr><td style="white-space:nowrap">4b<a name="dispense-codes-code-system-4b"> </a></td><td>4b</td></tr><tr><td style="white-space:nowrap">4c<a name="dispense-codes-code-system-4c"> </a></td><td>AZT + 3TC + NVP</td></tr><tr><td style="white-space:nowrap">4d<a name="dispense-codes-code-system-4d"> </a></td><td>AZT + 3TC + EFV</td></tr><tr><td style="white-space:nowrap">4e<a name="dispense-codes-code-system-4e"> </a></td><td>TDF + 3TC + EFV</td></tr><tr><td style="white-space:nowrap">4f<a name="dispense-codes-code-system-4f"> </a></td><td>AZT + 3TC + LPV/r</td></tr><tr><td style="white-space:nowrap">4g<a name="dispense-codes-code-system-4g"> </a></td><td>ABC + 3TC + LPV/r</td></tr><tr><td style="white-space:nowrap">4j<a name="dispense-codes-code-system-4j"> </a></td><td>ABC + 3TC + DTG</td></tr><tr><td style="white-space:nowrap">4i<a name="dispense-codes-code-system-4i"> </a></td><td>TDF + 3TC + DTG</td></tr><tr><td style="white-space:nowrap">4k<a name="dispense-codes-code-system-4k"> </a></td><td>AZT + 3TC + DTG</td></tr><tr><td style="white-space:nowrap">5a<a name="dispense-codes-code-system-5a"> </a></td><td>5a</td></tr><tr><td style="white-space:nowrap">5b<a name="dispense-codes-code-system-5b"> </a></td><td>5b</td></tr><tr><td style="white-space:nowrap">5c<a name="dispense-codes-code-system-5c"> </a></td><td>5c</td></tr><tr><td style="white-space:nowrap">5d<a name="dispense-codes-code-system-5d"> </a></td><td>5d</td></tr><tr><td style="white-space:nowrap">5e<a name="dispense-codes-code-system-5e"> </a></td><td>ABC + 3TC + LPV/r</td></tr><tr><td style="white-space:nowrap">5f<a name="dispense-codes-code-system-5f"> </a></td><td>AZT + 3TC + LPV/r</td></tr><tr><td style="white-space:nowrap">5g<a name="dispense-codes-code-system-5g"> </a></td><td>TDF + 3TC + EFV</td></tr><tr><td style="white-space:nowrap">5h<a name="dispense-codes-code-system-5h"> </a></td><td>ABC + 3TC + EFV</td></tr><tr><td style="white-space:nowrap">5i<a name="dispense-codes-code-system-5i"> </a></td><td>TDF + 3TC + LPV/r</td></tr><tr><td style="white-space:nowrap">5j<a name="dispense-codes-code-system-5j"> </a></td><td>other</td></tr><tr><td style="white-space:nowrap">5k<a name="dispense-codes-code-system-5k"> </a></td><td>RAL + AZT + 3TC</td></tr><tr><td style="white-space:nowrap">5m<a name="dispense-codes-code-system-5m"> </a></td><td>ABC + 3TC + DTG</td></tr><tr><td style="white-space:nowrap">5n<a name="dispense-codes-code-system-5n"> </a></td><td>ABC + 3TC + LPV/r</td></tr><tr><td style="white-space:nowrap">6f<a name="dispense-codes-code-system-6f"> </a></td><td>DRV/r + DTG + ABC + 3TC</td></tr><tr><td style="white-space:nowrap">other-adult-1<a name="dispense-codes-code-system-other-adult-1"> </a></td><td>Other Adult first line regimen</td></tr><tr><td style="white-space:nowrap">other-adult-2<a name="dispense-codes-code-system-other-adult-2"> </a></td><td>Other Adult second line regimen</td></tr><tr><td style="white-space:nowrap">other-adult-3<a name="dispense-codes-code-system-other-adult-3"> </a></td><td>Other Adult third line regimen</td></tr><tr><td style="white-space:nowrap">other-children-1<a name="dispense-codes-code-system-other-children-1"> </a></td><td>Other Children first line regimen</td></tr><tr><td style="white-space:nowrap">other-children-2<a name="dispense-codes-code-system-other-children-2"> </a></td><td>Other Children second line regimen</td></tr><tr><td style="white-space:nowrap">other-children-3<a name="dispense-codes-code-system-other-children-3"> </a></td><td>Other Children third line regimen</td></tr></table></div></text><url value="http://cdr.com/hiv-regimen-codes"/><version value="1.0.0"/><name value="DispenseCodesCodeSystem"/><title value="ARV Drugs Dispense Codes Code System"/><status value="active"/><experimental value="false"/><date value="2023-12-11T10:47:10+00:00"/><publisher value="Jembi Health Systems"/><contact><name value="Jembi Health Systems"/><telecom><system value="url"/><value value="https://www.jembi.org"/></telecom><telecom><system value="email"/><value value="info.jembi.org"/></telecom></contact><contact><name value="Nour Borgi"/><telecom><system value="email"/><value value="nour@symbionix.co"/><use value="work"/></telecom></contact><description value="A list of codes describing the ARV Drugs dispense codes"/><jurisdiction><coding><system value="http://unstats.un.org/unsd/methods/m49/m49.htm"/><code value="001"/><display value="World"/></coding></jurisdiction><caseSensitive value="true"/><content value="complete"/><count value="56"/><concept><code value="1a"/><display value="1a"/></concept><concept><code value="1b"/><display value="1b"/></concept><concept><code value="1c"/><display value="AZT + 3TC + NVP - Product containing only lamivudine and nevirapine and zidovudine"/></concept><concept><code value="1d"/><display value="AZT + 3TC + EFV"/></concept><concept><code value="1e"/><display value="Product containing only efavirenz and lamivudine and tenofovir - TDF + 3TC + EFV"/></concept><concept><code value="1f"/><display value="TDF + 3TC + NVP"/></concept><concept><code value="1g"/><display value="ABC + 3TC + EFV - Product containing abacavir and lamivudine"/></concept><concept><code value="1h"/><display value="ABC + 3TC + NVP - Product containing abacavir and lamivudine"/></concept><concept><code value="1j"/><display value="TDF + 3TC + DTG"/></concept><concept><code value="1k"/><display value="AZT + 3TC + DTG"/></concept><concept><code value="1a-30"/><display value="1a-30"/></concept><concept><code value="1a-40"/><display value="1a-40"/></concept><concept><code value="1b-30"/><display value="1b-30"/></concept><concept><code value="1b-40"/><display value="1b-40"/></concept><concept><code value="2a"/><display value="2a"/></concept><concept><code value="2b"/><display value="2b"/></concept><concept><code value="2c"/><display value="2c"/></concept><concept><code value="2d"/><display value="2d"/></concept><concept><code value="2e"/><display value="AZT + 3TC + LPV/r - Product containing lamivudine and zidovudine"/></concept><concept><code value="2f"/><display value="AZT + 3TC + ATV/r - Product containing lamivudine and zidovudine"/></concept><concept><code value="2g"/><display value="TDF + 3TC+ LPV/r"/></concept><concept><code value="2h"/><display value="TDF + 3TC + ATV/r"/></concept><concept><code value="2i"/><display value="ABC + 3TC + LPV/r - Product containing abacavir and lamivudine"/></concept><concept><code value="3a"/><display value="DRV/r + DTG + AZT/3TC"/></concept><concept><code value="3b"/><display value="DRV/r + DTG + TDF/3TC - Product containing dolutegravir and lamivudine"/></concept><concept><code value="3d"/><display value="DRV/r + ABC + EFV + 3TC"/></concept><concept><code value="4a"/><display value="4a"/></concept><concept><code value="4b"/><display value="4b"/></concept><concept><code value="4c"/><display value="AZT + 3TC + NVP"/></concept><concept><code value="4d"/><display value="AZT + 3TC + EFV"/></concept><concept><code value="4e"/><display value="TDF + 3TC + EFV"/></concept><concept><code value="4f"/><display value="AZT + 3TC + LPV/r"/></concept><concept><code value="4g"/><display value="ABC + 3TC + LPV/r"/></concept><concept><code value="4j"/><display value="ABC + 3TC + DTG"/></concept><concept><code value="4i"/><display value="TDF + 3TC + DTG"/></concept><concept><code value="4k"/><display value="AZT + 3TC + DTG"/></concept><concept><code value="5a"/><display value="5a"/></concept><concept><code value="5b"/><display value="5b"/></concept><concept><code value="5c"/><display value="5c"/></concept><concept><code value="5d"/><display value="5d"/></concept><concept><code value="5e"/><display value="ABC + 3TC + LPV/r"/></concept><concept><code value="5f"/><display value="AZT + 3TC + LPV/r"/></concept><concept><code value="5g"/><display value="TDF + 3TC + EFV"/></concept><concept><code value="5h"/><display value="ABC + 3TC + EFV"/></concept><concept><code value="5i"/><display value="TDF + 3TC + LPV/r"/></concept><concept><code value="5j"/><display value="other"/></concept><concept><code value="5k"/><display value="RAL + AZT + 3TC"/></concept><concept><code value="5m"/><display value="ABC + 3TC + DTG"/></concept><concept><code value="5n"/><display value="ABC + 3TC + LPV/r"/></concept><concept><code value="6f"/><display value="DRV/r + DTG + ABC + 3TC"/></concept><concept><code value="other-adult-1"/><display value="Other Adult first line regimen"/></concept><concept><code value="other-adult-2"/><display value="Other Adult second line regimen"/></concept><concept><code value="other-adult-3"/><display value="Other Adult third line regimen"/></concept><concept><code value="other-children-1"/><display value="Other Children first line regimen"/></concept><concept><code value="other-children-2"/><display value="Other Children second line regimen"/></concept><concept><code value="other-children-3"/><display value="Other Children third line regimen"/></concept></CodeSystem>