<?xml version="1.0" encoding="UTF-8"?><ValueSet xmlns="http://hl7.org/fhir"><id value="client-key-population-values"/><text><status value="generated"/><div xmlns="http://www.w3.org/1999/xhtml"><p>This value set includes codes based on the following rules:</p><ul><li>Include these codes as defined in <a href="http://www.snomed.org/"><code>http://snomed.info/sct</code></a><table class="none"><tr><td style="white-space:nowrap"><b>Code</b></td><td><b>Display</b></td></tr><tr><td><a href="http://snomed.info/id/472986005">472986005</a></td><td>Sexually active with men</td></tr><tr><td><a href="http://snomed.info/id/159799000">159799000</a></td><td>Female prostitute</td></tr><tr><td><a href="http://snomed.info/id/159800001">159800001</a></td><td>Male prostitute</td></tr><tr><td><a href="http://snomed.info/id/228388006">228388006</a></td><td>Intravenous drug user</td></tr><tr><td><a href="http://snomed.info/id/417284009">417284009</a></td><td>Current drug user</td></tr><tr><td><a href="http://snomed.info/id/407375002">407375002</a></td><td>Surgically transgendered transsexual</td></tr></table></li><li>Include all codes defined in <a href="CodeSystem-client-key-population-code-system.html"><code>http://openhie.org/fhir/custom-fhir-ig/CodeSystem/client-key-population-code-system</code></a></li></ul></div></text><url value="http://openhie.org/fhir/custom-fhir-ig/ValueSet/client-key-population-values"/><version value="1.0.0"/><name value="ClientKeyPopulationValues"/><title value="Client Key Population Values"/><status value="active"/><experimental value="false"/><date value="2023-12-11T10:47:10+00:00"/><publisher value="Jembi Health Systems"/><contact><name value="Jembi Health Systems"/><telecom><system value="url"/><value value="https://www.jembi.org"/></telecom><telecom><system value="email"/><value value="info.jembi.org"/></telecom></contact><contact><name value="Nour Borgi"/><telecom><system value="email"/><value value="nour@symbionix.co"/><use value="work"/></telecom></contact><description value="Client Key Population Value Set"/><jurisdiction><coding><system value="http://unstats.un.org/unsd/methods/m49/m49.htm"/><code value="001"/><display value="World"/></coding></jurisdiction><compose><include><system value="http://snomed.info/sct"/><concept><code value="472986005"/><display value="Sexually active with men"/></concept><concept><code value="159799000"/><display value="Female prostitute"/></concept><concept><code value="159800001"/><display value="Male prostitute"/></concept><concept><code value="228388006"/><display value="Intravenous drug user"/></concept><concept><code value="417284009"/><display value="Current drug user"/></concept><concept><code value="407375002"/><display value="Surgically transgendered transsexual"/></concept></include><include><system value="http://openhie.org/fhir/custom-fhir-ig/CodeSystem/client-key-population-code-system"/></include></compose></ValueSet>