{
  "resourceType" : "CodeSystem",
  "id" : "dispense-codes-code-system",
  "text" : {
    "status" : "generated",
    "div" : "<div xmlns=\"http://www.w3.org/1999/xhtml\"><p>This case-sensitive code system <code>http://cdr.com/hiv-regimen-codes</code> defines the following codes:</p><table class=\"codes\"><tr><td style=\"white-space:nowrap\"><b>Code</b></td><td><b>Display</b></td></tr><tr><td style=\"white-space:nowrap\">1a<a name=\"dispense-codes-code-system-1a\"> </a></td><td>1a</td></tr><tr><td style=\"white-space:nowrap\">1b<a name=\"dispense-codes-code-system-1b\"> </a></td><td>1b</td></tr><tr><td style=\"white-space:nowrap\">1c<a name=\"dispense-codes-code-system-1c\"> </a></td><td>AZT + 3TC + NVP - Product containing only lamivudine and nevirapine and zidovudine</td></tr><tr><td style=\"white-space:nowrap\">1d<a name=\"dispense-codes-code-system-1d\"> </a></td><td>AZT + 3TC + EFV</td></tr><tr><td style=\"white-space:nowrap\">1e<a name=\"dispense-codes-code-system-1e\"> </a></td><td>Product containing only efavirenz and lamivudine and tenofovir - TDF + 3TC + EFV</td></tr><tr><td style=\"white-space:nowrap\">1f<a name=\"dispense-codes-code-system-1f\"> </a></td><td>TDF + 3TC + NVP</td></tr><tr><td style=\"white-space:nowrap\">1g<a name=\"dispense-codes-code-system-1g\"> </a></td><td>ABC + 3TC + EFV - Product containing abacavir and lamivudine</td></tr><tr><td style=\"white-space:nowrap\">1h<a name=\"dispense-codes-code-system-1h\"> </a></td><td>ABC + 3TC + NVP - Product containing abacavir and lamivudine</td></tr><tr><td style=\"white-space:nowrap\">1j<a name=\"dispense-codes-code-system-1j\"> </a></td><td>TDF + 3TC + DTG</td></tr><tr><td style=\"white-space:nowrap\">1k<a name=\"dispense-codes-code-system-1k\"> </a></td><td>AZT + 3TC + DTG</td></tr><tr><td style=\"white-space:nowrap\">1a-30<a name=\"dispense-codes-code-system-1a-30\"> </a></td><td>1a-30</td></tr><tr><td style=\"white-space:nowrap\">1a-40<a name=\"dispense-codes-code-system-1a-40\"> </a></td><td>1a-40</td></tr><tr><td style=\"white-space:nowrap\">1b-30<a name=\"dispense-codes-code-system-1b-30\"> </a></td><td>1b-30</td></tr><tr><td style=\"white-space:nowrap\">1b-40<a name=\"dispense-codes-code-system-1b-40\"> </a></td><td>1b-40</td></tr><tr><td style=\"white-space:nowrap\">2a<a name=\"dispense-codes-code-system-2a\"> </a></td><td>2a</td></tr><tr><td style=\"white-space:nowrap\">2b<a name=\"dispense-codes-code-system-2b\"> </a></td><td>2b</td></tr><tr><td style=\"white-space:nowrap\">2c<a name=\"dispense-codes-code-system-2c\"> </a></td><td>2c</td></tr><tr><td style=\"white-space:nowrap\">2d<a name=\"dispense-codes-code-system-2d\"> </a></td><td>2d</td></tr><tr><td style=\"white-space:nowrap\">2e<a name=\"dispense-codes-code-system-2e\"> </a></td><td>AZT + 3TC + LPV/r - Product containing lamivudine and zidovudine</td></tr><tr><td style=\"white-space:nowrap\">2f<a name=\"dispense-codes-code-system-2f\"> </a></td><td>AZT + 3TC + ATV/r - Product containing lamivudine and zidovudine</td></tr><tr><td style=\"white-space:nowrap\">2g<a name=\"dispense-codes-code-system-2g\"> </a></td><td>TDF + 3TC+ LPV/r</td></tr><tr><td style=\"white-space:nowrap\">2h<a name=\"dispense-codes-code-system-2h\"> </a></td><td>TDF + 3TC + ATV/r</td></tr><tr><td style=\"white-space:nowrap\">2i<a name=\"dispense-codes-code-system-2i\"> </a></td><td>ABC + 3TC + LPV/r - Product containing abacavir and lamivudine</td></tr><tr><td style=\"white-space:nowrap\">3a<a name=\"dispense-codes-code-system-3a\"> </a></td><td>DRV/r + DTG + AZT/3TC</td></tr><tr><td style=\"white-space:nowrap\">3b<a name=\"dispense-codes-code-system-3b\"> </a></td><td>DRV/r + DTG + TDF/3TC - Product containing dolutegravir and lamivudine</td></tr><tr><td style=\"white-space:nowrap\">3d<a name=\"dispense-codes-code-system-3d\"> </a></td><td>DRV/r + ABC + EFV + 3TC</td></tr><tr><td style=\"white-space:nowrap\">4a<a name=\"dispense-codes-code-system-4a\"> </a></td><td>4a</td></tr><tr><td style=\"white-space:nowrap\">4b<a name=\"dispense-codes-code-system-4b\"> </a></td><td>4b</td></tr><tr><td style=\"white-space:nowrap\">4c<a name=\"dispense-codes-code-system-4c\"> </a></td><td>AZT + 3TC + NVP</td></tr><tr><td style=\"white-space:nowrap\">4d<a name=\"dispense-codes-code-system-4d\"> </a></td><td>AZT + 3TC + EFV</td></tr><tr><td style=\"white-space:nowrap\">4e<a name=\"dispense-codes-code-system-4e\"> </a></td><td>TDF + 3TC + EFV</td></tr><tr><td style=\"white-space:nowrap\">4f<a name=\"dispense-codes-code-system-4f\"> </a></td><td>AZT + 3TC + LPV/r</td></tr><tr><td style=\"white-space:nowrap\">4g<a name=\"dispense-codes-code-system-4g\"> </a></td><td>ABC + 3TC + LPV/r</td></tr><tr><td style=\"white-space:nowrap\">4j<a name=\"dispense-codes-code-system-4j\"> </a></td><td>ABC + 3TC + DTG</td></tr><tr><td style=\"white-space:nowrap\">4i<a name=\"dispense-codes-code-system-4i\"> </a></td><td>TDF + 3TC + DTG</td></tr><tr><td style=\"white-space:nowrap\">4k<a name=\"dispense-codes-code-system-4k\"> </a></td><td>AZT + 3TC + DTG</td></tr><tr><td style=\"white-space:nowrap\">5a<a name=\"dispense-codes-code-system-5a\"> </a></td><td>5a</td></tr><tr><td style=\"white-space:nowrap\">5b<a name=\"dispense-codes-code-system-5b\"> </a></td><td>5b</td></tr><tr><td style=\"white-space:nowrap\">5c<a name=\"dispense-codes-code-system-5c\"> </a></td><td>5c</td></tr><tr><td style=\"white-space:nowrap\">5d<a name=\"dispense-codes-code-system-5d\"> </a></td><td>5d</td></tr><tr><td style=\"white-space:nowrap\">5e<a name=\"dispense-codes-code-system-5e\"> </a></td><td>ABC + 3TC + LPV/r</td></tr><tr><td style=\"white-space:nowrap\">5f<a name=\"dispense-codes-code-system-5f\"> </a></td><td>AZT + 3TC + LPV/r</td></tr><tr><td style=\"white-space:nowrap\">5g<a name=\"dispense-codes-code-system-5g\"> </a></td><td>TDF + 3TC + EFV</td></tr><tr><td style=\"white-space:nowrap\">5h<a name=\"dispense-codes-code-system-5h\"> </a></td><td>ABC + 3TC + EFV</td></tr><tr><td style=\"white-space:nowrap\">5i<a name=\"dispense-codes-code-system-5i\"> </a></td><td>TDF + 3TC + LPV/r</td></tr><tr><td style=\"white-space:nowrap\">5j<a name=\"dispense-codes-code-system-5j\"> </a></td><td>other</td></tr><tr><td style=\"white-space:nowrap\">5k<a name=\"dispense-codes-code-system-5k\"> </a></td><td>RAL + AZT + 3TC</td></tr><tr><td style=\"white-space:nowrap\">5m<a name=\"dispense-codes-code-system-5m\"> </a></td><td>ABC + 3TC + DTG</td></tr><tr><td style=\"white-space:nowrap\">5n<a name=\"dispense-codes-code-system-5n\"> </a></td><td>ABC + 3TC + LPV/r</td></tr><tr><td style=\"white-space:nowrap\">6f<a name=\"dispense-codes-code-system-6f\"> </a></td><td>DRV/r + DTG + ABC + 3TC</td></tr><tr><td style=\"white-space:nowrap\">other-adult-1<a name=\"dispense-codes-code-system-other-adult-1\"> </a></td><td>Other Adult first line regimen</td></tr><tr><td style=\"white-space:nowrap\">other-adult-2<a name=\"dispense-codes-code-system-other-adult-2\"> </a></td><td>Other Adult second line regimen</td></tr><tr><td style=\"white-space:nowrap\">other-adult-3<a name=\"dispense-codes-code-system-other-adult-3\"> </a></td><td>Other Adult third line regimen</td></tr><tr><td style=\"white-space:nowrap\">other-children-1<a name=\"dispense-codes-code-system-other-children-1\"> </a></td><td>Other Children first line regimen</td></tr><tr><td style=\"white-space:nowrap\">other-children-2<a name=\"dispense-codes-code-system-other-children-2\"> </a></td><td>Other Children second line regimen</td></tr><tr><td style=\"white-space:nowrap\">other-children-3<a name=\"dispense-codes-code-system-other-children-3\"> </a></td><td>Other Children third line regimen</td></tr></table></div>"
  },
  "url" : "http://cdr.com/hiv-regimen-codes",
  "version" : "1.0.0",
  "name" : "DispenseCodesCodeSystem",
  "title" : "ARV Drugs Dispense Codes Code System",
  "status" : "active",
  "experimental" : false,
  "date" : "2023-12-11T10:47:10+00:00",
  "publisher" : "Jembi Health Systems",
  "contact" : [{
    "name" : "Jembi Health Systems",
    "telecom" : [{
      "system" : "url",
      "value" : "https://www.jembi.org"
    },
    {
      "system" : "email",
      "value" : "info.jembi.org"
    }]
  },
  {
    "name" : "Nour Borgi",
    "telecom" : [{
      "system" : "email",
      "value" : "nour@symbionix.co",
      "use" : "work"
    }]
  }],
  "description" : "A list of codes describing the ARV Drugs dispense codes",
  "jurisdiction" : [{
    "coding" : [{
      "system" : "http://unstats.un.org/unsd/methods/m49/m49.htm",
      "code" : "001",
      "display" : "World"
    }]
  }],
  "caseSensitive" : true,
  "content" : "complete",
  "count" : 56,
  "concept" : [{
    "code" : "1a",
    "display" : "1a"
  },
  {
    "code" : "1b",
    "display" : "1b"
  },
  {
    "code" : "1c",
    "display" : "AZT + 3TC + NVP - Product containing only lamivudine and nevirapine and zidovudine"
  },
  {
    "code" : "1d",
    "display" : "AZT + 3TC + EFV"
  },
  {
    "code" : "1e",
    "display" : "Product containing only efavirenz and lamivudine and tenofovir - TDF + 3TC + EFV"
  },
  {
    "code" : "1f",
    "display" : "TDF + 3TC + NVP"
  },
  {
    "code" : "1g",
    "display" : "ABC + 3TC + EFV - Product containing abacavir and lamivudine"
  },
  {
    "code" : "1h",
    "display" : "ABC + 3TC + NVP - Product containing abacavir and lamivudine"
  },
  {
    "code" : "1j",
    "display" : "TDF + 3TC + DTG"
  },
  {
    "code" : "1k",
    "display" : "AZT + 3TC + DTG"
  },
  {
    "code" : "1a-30",
    "display" : "1a-30"
  },
  {
    "code" : "1a-40",
    "display" : "1a-40"
  },
  {
    "code" : "1b-30",
    "display" : "1b-30"
  },
  {
    "code" : "1b-40",
    "display" : "1b-40"
  },
  {
    "code" : "2a",
    "display" : "2a"
  },
  {
    "code" : "2b",
    "display" : "2b"
  },
  {
    "code" : "2c",
    "display" : "2c"
  },
  {
    "code" : "2d",
    "display" : "2d"
  },
  {
    "code" : "2e",
    "display" : "AZT + 3TC + LPV/r - Product containing lamivudine and zidovudine"
  },
  {
    "code" : "2f",
    "display" : "AZT + 3TC + ATV/r - Product containing lamivudine and zidovudine"
  },
  {
    "code" : "2g",
    "display" : "TDF + 3TC+ LPV/r"
  },
  {
    "code" : "2h",
    "display" : "TDF + 3TC + ATV/r"
  },
  {
    "code" : "2i",
    "display" : "ABC + 3TC + LPV/r - Product containing abacavir and lamivudine"
  },
  {
    "code" : "3a",
    "display" : "DRV/r + DTG + AZT/3TC"
  },
  {
    "code" : "3b",
    "display" : "DRV/r + DTG + TDF/3TC - Product containing dolutegravir and lamivudine"
  },
  {
    "code" : "3d",
    "display" : "DRV/r + ABC + EFV + 3TC"
  },
  {
    "code" : "4a",
    "display" : "4a"
  },
  {
    "code" : "4b",
    "display" : "4b"
  },
  {
    "code" : "4c",
    "display" : "AZT + 3TC + NVP"
  },
  {
    "code" : "4d",
    "display" : "AZT + 3TC + EFV"
  },
  {
    "code" : "4e",
    "display" : "TDF + 3TC + EFV"
  },
  {
    "code" : "4f",
    "display" : "AZT + 3TC + LPV/r"
  },
  {
    "code" : "4g",
    "display" : "ABC + 3TC + LPV/r"
  },
  {
    "code" : "4j",
    "display" : "ABC + 3TC + DTG"
  },
  {
    "code" : "4i",
    "display" : "TDF + 3TC + DTG"
  },
  {
    "code" : "4k",
    "display" : "AZT + 3TC + DTG"
  },
  {
    "code" : "5a",
    "display" : "5a"
  },
  {
    "code" : "5b",
    "display" : "5b"
  },
  {
    "code" : "5c",
    "display" : "5c"
  },
  {
    "code" : "5d",
    "display" : "5d"
  },
  {
    "code" : "5e",
    "display" : "ABC + 3TC + LPV/r"
  },
  {
    "code" : "5f",
    "display" : "AZT + 3TC + LPV/r"
  },
  {
    "code" : "5g",
    "display" : "TDF + 3TC + EFV"
  },
  {
    "code" : "5h",
    "display" : "ABC + 3TC + EFV"
  },
  {
    "code" : "5i",
    "display" : "TDF + 3TC + LPV/r"
  },
  {
    "code" : "5j",
    "display" : "other"
  },
  {
    "code" : "5k",
    "display" : "RAL + AZT + 3TC"
  },
  {
    "code" : "5m",
    "display" : "ABC + 3TC + DTG"
  },
  {
    "code" : "5n",
    "display" : "ABC + 3TC + LPV/r"
  },
  {
    "code" : "6f",
    "display" : "DRV/r + DTG + ABC + 3TC"
  },
  {
    "code" : "other-adult-1",
    "display" : "Other Adult first line regimen"
  },
  {
    "code" : "other-adult-2",
    "display" : "Other Adult second line regimen"
  },
  {
    "code" : "other-adult-3",
    "display" : "Other Adult third line regimen"
  },
  {
    "code" : "other-children-1",
    "display" : "Other Children first line regimen"
  },
  {
    "code" : "other-children-2",
    "display" : "Other Children second line regimen"
  },
  {
    "code" : "other-children-3",
    "display" : "Other Children third line regimen"
  }]
}