{
  "resourceType" : "Patient",
  "id" : "EthPatientExample",
  "meta" : {
    "profile" : ["http://openhie.org/fhir/custom-fhir-ig/StructureDefinition/eth-patient"]
  },
  "text" : {
    "status" : "generated",
    "div" : "<div xmlns=\"http://www.w3.org/1999/xhtml\"><p style=\"border: 1px #661aff solid; background-color: #e6e6ff; padding: 10px;\"><b>Anonymous Patient</b> female, DoB: 2000-11-11 ( Medical record number:\u00a0MRN1234567)</p><hr/><table class=\"grid\"><tr><td style=\"background-color: #f3f5da\" title=\"Other Ids (see the one above)\">Other Ids:</td><td colspan=\"3\"><ul><li>id:\u00a0NID1234567</li><li>id:\u00a0UAN1234567</li></ul></td></tr><tr><td style=\"background-color: #f3f5da\" title=\"Ways to contact the Patient\">Contact Detail:</td><td colspan=\"3\">123 Tesfaye Street Bole Addis Ababa Addis Ababa </td></tr><tr><td style=\"background-color: #f3f5da\" title=\"Patient Links\">Links:</td><td colspan=\"3\"><ul><li>Managing Organization: <a href=\"Organization-EthOrganizationExample.html\">Organization/EthOrganizationExample</a> &quot;Meshwalkiya Health Center&quot;</li></ul></td></tr></table></div>"
  },
  "identifier" : [{
    "type" : {
      "coding" : [{
        "system" : "http://terminology.hl7.org/CodeSystem/v2-0203",
        "code" : "MR",
        "display" : "Medical record number"
      }],
      "text" : "Medical record number"
    },
    "system" : "http://cdr.com/MRN",
    "value" : "MRN1234567"
  },
  {
    "system" : "http://cdr.com/SmartCareID",
    "value" : "NID1234567"
  },
  {
    "system" : "http://cdr.com/UAN",
    "value" : "UAN1234567"
  }],
  "gender" : "female",
  "birthDate" : "2000-11-11",
  "address" : [{
    "line" : ["123",
    "Tesfaye Street",
    "Bole"],
    "city" : "Addis Ababa",
    "district" : "Addis Ababa Central District",
    "state" : "Addis Ababa"
  }],
  "managingOrganization" : {
    "reference" : "Organization/EthOrganizationExample"
  }
}